"setting_name","setting_name_wa","setting_val","category","hyouji_jun","editable_flg","hissu_flg","format_regex","description"
"appl_url","アプリURL","http://localhost/eteam/main/appl/","メール配信(2)","1","2","1","","アプリのURL
駅すぱあと連携やメールに記載するURLに使用する。"
"mail_tsuuchi_system_name","メール通知システム名","OPEN21 Workflow","メール配信(2)","2","1","1","","システム名。メール通知等の文言に使用される。"
"password_len_min","パスワードの最小文字数","8","アカウントセキュリティ","3","1","1","([1-9]|[12]\d|3[0-2])","有効なパスワードの最小の長さ。
1～32"
"password_kind_min","パスワードの最小文字種類","3","アカウントセキュリティ","4","1","1","[1-4]","パスワードに何種類の文字が含まれるべきかを表す数。
1～4（大文字・小文字・数字・記号）"
"password_valid_term","パスワードの有効期間(日数)","0","アカウントセキュリティ","5","1","1","(0|[1-9]\d{0,2})","パスワードの有効期間（日数）
0～999 （0の場合無期限）"
"password_lock_num","アカウント一時ロックするパスワード誤り回数","0","アカウントセキュリティ","6","1","1","(0|[1-9]\d{0,2})","誤ったパスワードを入力した際にアカウントがロックされるまでの回数。
0～999 （0の場合ロックしない）"
"password_lock_term","アカウント一時ロック時間(分)","30","アカウントセキュリティ","7","1","1","(0|[1-9]\d{0,5})","アカウントがロックされている時間（分）
0～999999 （0の場合無期限）"
"require_password_change","初期パスワードの変更を必須とする","0","アカウントセキュリティ","8","1","1","(0|1)","初期パスワードの変更をユーザーに強制するかどうか。
0：パスワード変更を必須としない。
1：パスワード変更を必須とする。"
"intra_flg","連携フラグ","9","駅すぱあと連携","9","1","1","(0|1|9)","駅すぱあとの連携方法。
0：WebService版、1：イントラ版、9：連携しない。"
"intra_action","イントラ版起動URL","http://localhost/expwww2/expcgi.exe","駅すぱあと連携","10","1","0","","駅すぱあとイントラ版の起動URL。
以下のような、イントラ版のインストール先ホストのURL。
http：//localhost/expwww2/expcgi.exe"
"ekispert_web_url_station","Webサービス駅名検索URL","http://api.ekispert.jp/v1/xml/station/light?","駅すぱあと連携","11","0","0","","駅すぱあとWebService版で駅名を取得する際のURL。"
"ekispert_web_url_route","Webサービス経路検索URL","http://api.ekispert.jp/v1/xml/search/course/extreme?","駅すぱあと連携","12","0","0","","駅すぱあとWebService版で経路を取得する際のURL。"
"ekispert_web_url_map_list","Webサービス路線図一覧検索URL","http://api.ekispert.jp/v1/xml/railmap/list?","駅すぱあと連携","13","0","0","","駅すぱあとWebService版で路線図一覧を取得する際のURL。"
"ekispert_web_url_map_station","Webサービス路線図駅名検索URL","http://api.ekispert.jp/v1/xml/railmap/detail?","駅すぱあと連携","14","0","0","","駅すぱあとWebService版で路線図内の駅名を取得する際のURL。"
"ekispert_web_url_map_image","Webサービス路線図取得URL","http://api.ekispert.jp/v1/xml/railmap/data?","駅すぱあと連携","15","0","0","","駅すぱあとWebService版で路線図を取得する際のURL。"
"ekispert_web_search","Webサービス探索条件生成URL","http://api.ekispert.jp/v1/xml/toolbox/course/condition?","駅すぱあと連携","16","0","0","","駅すぱあとWebService版で探索条件を生成する際のURL。"
"ekispert_ic_kbn","IC使用区分","ic","駅すぱあと連携","17","1","1","(ic|normal)","ICカードを使用する：ic
ICカードを使用しない：normal"
"ekispert_ic_zenshashitei","IC乗車券区分の全社指定","1","駅すぱあと連携","18","1","1","(1|2)","経路検索条件において、ICカード乗車券の利用種別を全社で統一するか個別に設定するかを指定。
1：全社設定
2：個別設定"
"ekispert_web_ic_preferred","Webサービス探索優先度","preferredTicketOrder=cheap","駅すぱあと連携","19","1","1","preferredTicketOrder=(ic|normal|cheap)","駅すぱあとWebService版のIC料金探索優先度（IC使用区分がICの場合のみ有効）
preferredTicketOrder=X
※Xは以下のいずれか。
ICカード乗車券を優先する：ic
普通乗車券を優先する：normal
安い乗車券を優先する：cheap"
"ekispert_teikikukan_haneisaki","定期区間の反映先","1","駅すぱあと連携","20","1","1","(1|2)","定期券区間情報の反映先。
1：内容
2：備考"
"ekispert_keiro_kanihyouji","経路表示方法","0","駅すぱあと連携","21","1","1","(0|1)","経路の検索結果を詳細表示するか簡易表示するか。
0：詳細表示（「行き先」や「ICカード乗車券」等の情報を表示する）
1：簡易表示（「行き先」や「ICカード乗車券」等の情報を非表示とする）"
"houjin_card_date_enabled","法人カード利用明細の日付変更","0","法人カード","22","1","1","(0|1)","法人カード履歴から登録した交通費・宿泊費・その他経費明細の日付を変更できるかどうか。
オプション機能(法人カード)を有効にしていない場合は影響しません。
0：変更できない
1：変更できる"
"ic_card_train","ICカードデフォルト交通手段","","ICカード","23","1","0","","ICカード履歴から交通費明細を登録する際に、
デフォルトで選択する交通手段。
オプション機能(ICカード)を有効にしていない場合は影響しません。
オプション機能(ICカード)を有効にしている場合でも、デフォルトの交通手段を設定しない場合は、空のままにしてください。"
"ic_card_bus","ICカード「バス/路面等」交通手段","","ICカード","24","1","0","","ICカード履歴から交通費明細を登録する際に、
履歴データが「バス/路面等」の場合に選択する交通手段。
オプション機能(ICカード)を有効にしていない場合は影響しません。
オプション機能(ICカード)を有効にしている場合でも、「バス/路面等」の交通手段を設定しない場合は、空のままにしてください。"
"ic_card_date_enabled","ICカード明細の日付変更","0","ICカード","25","1","1","(0|1)","ICカード履歴から登録した交通費明細の日付を変更できるかどうか。
オプション機能(ICカード)を有効にしていない場合は影響しません。
0：変更できない
1：変更できる"
"output_file_path_fbdata","FBデータ出力ファイルパス","c:\eteam\fbdata","FB 連携","26","2","1","","FBデータファイルパス"
"output_file_nm_fbdata","FBデータ出力ファイル名","FBDATA_{0}_{1}.txt","FB 連携","27","2","1","","FBデータファイルパス名
ファイル作成時、{0}を振込日（yyyymmdd）、{1}を振込元金融機関コード+支店コードで置換します。"
"list_num_for_shiharaibi","支払日リスト件数","5","FB 連携","28","1","1","[1-9]\d{0,1}","FBデータ作成の個人精算支払日リストに表示する項目件数（1～99）。"
"shain_cd2kokyaku_cd1","顧客コード1への社員コード反映","1","FB 連携","29","1","1","(0|1)","社員コードをFBデータファイルの顧客コード１に反映するかどうか。
0：しない
1：する"
"zengin_furikomi_keishiki","全銀総合振込依頼データ形式","0","FB 連携","30","1","1","(0|1)","出力する全銀総合振込依頼データ形式を指定。
0：固定長
1：XML形式"
"xml_message_shikibetsu_no","XMLメッセージ単位の識別番号","{0} {1} {2}","FB 連携","31","1","1","","XMLメッセージ単位の識別番号を指定します。
ファイル作成時、{0}を振込日（yyyymmdd）、{1}を振込元金融機関コード+支店コード、{2}を振込元口座番号で置換します。"
"op21mparam_kaisha_cd","会社コード","0001","OPEN21 連携","32","1","1","(?!0000)\d{4}","取り込み会社番号
0001～9999"
"shokuchi_cd","諸口コード","","OPEN21 連携","33","1","0","\d{1,6}","振替伝票・総合付替伝票の仕訳で借方貸方課税区分グループが共に「税込」の場合や
経費立替精算・出張旅費精算の伝票形式が複合形式の際に使用する所謂「諸口」を表す勘定科目コード。
（6桁以内の半角数字）
OPEN21に同様の勘定科目コードが登録されていなければならない。"
"op21mparam_shori_kbn","処理区分","0","OPEN21 連携","34","0","0","(0|1)","0：データチェック＆ 取り込み
1：データチェックのみ"
"op21mparam_denpyou_keishiki","伝票形式","0","OPEN21 連携","35","0","0","(0|1|2)","0：単一形式
1：複合（手入力諸口）
2：複合（自動諸口）"
"op21mparam_denpyou_keishiki_A001","伝票形式(経費立替精算)","0","OPEN21 連携","36","1","1","(0|1|2)","仕訳をどの形式で作成するかを指定します。
0：単一形式
1：複合（手入力諸口）
2：複合（自動諸口）"
"op21mparam_denpyou_keishiki_A002","伝票形式(経費伺い申請（仮払申請）)","0","OPEN21 連携","37","1","1","(0|1|2)","仕訳をどの形式で作成するかを指定します。
0：単一形式
1：複合（手入力諸口）
2：複合（自動諸口）"
"op21mparam_denpyou_keishiki_A003","伝票形式(請求書払い申請)","0","OPEN21 連携","38","1","1","(0|1|2)","仕訳をどの形式で作成するかを指定します。
0：単一形式
1：複合（手入力諸口）
2：複合（自動諸口）"
"op21mparam_denpyou_keishiki_A013","伝票形式(支払依頼申請)","0","OPEN21 連携","39","1","1","(0|1|2)","仕訳をどの形式で作成するかを指定します。
0：単一形式
1：複合（手入力諸口）
2：複合（自動諸口）"
"op21mparam_denpyou_keishiki_A009","伝票形式(自動引落伝票)","0","OPEN21 連携","40","1","1","(0|1|2)","仕訳をどの形式で作成するかを指定します。
0：単一形式
1：複合（手入力諸口）
2：複合（自動諸口）"
"op21mparam_denpyou_keishiki_A004","伝票形式(出張旅費精算)","0","OPEN21 連携","41","1","1","(0|1|2)","仕訳をどの形式で作成するかを指定します。
0：単一形式
1：複合（手入力諸口）
2：複合（自動諸口）"
"op21mparam_denpyou_keishiki_A005","伝票形式(出張伺い申請（仮払申請）)","0","OPEN21 連携","42","1","1","(0|1|2)","仕訳をどの形式で作成するかを指定します。
0：単一形式
1：複合（手入力諸口）
2：複合（自動諸口）"
"op21mparam_denpyou_keishiki_A011","伝票形式(海外出張旅費精算)","0","OPEN21 連携","43","1","1","(0|1|2)","仕訳をどの形式で作成するかを指定します。
0：単一形式
1：複合（手入力諸口）
2：複合（自動諸口）"
"op21mparam_denpyou_keishiki_A012","伝票形式(海外出張伺い申請（仮払申請）)","0","OPEN21 連携","44","1","1","(0|1|2)","仕訳をどの形式で作成するかを指定します。
0：単一形式
1：複合（手入力諸口）
2：複合（自動諸口）"
"op21mparam_denpyou_keishiki_A010","伝票形式(交通費精算)","0","OPEN21 連携","45","1","1","(0|1|2)","仕訳をどの形式で作成するかを指定します。
0：単一形式
1：複合（手入力諸口）
2：複合（自動諸口）"
"op21mparam_denpyou_keishiki_A006","伝票形式(通勤定期申請)","0","OPEN21 連携","46","1","1","(0|1|2)","仕訳をどの形式で作成するかを指定します。
0：単一形式
1：複合（手入力諸口）
2：複合（自動諸口）"
"op21mparam_furyou_data_log","不良データログ","11","OPEN21 連携","47","0","0","(0|1|11)","0：ログ不要（不良伝票が発生しても正常伝票は取込む）
1：ログ要（不良伝票が発生しても正常伝票は取込む）
11：ログ要（不良伝票発生時は全件取り込まない）"
"op21mparam_csv_path","CSV用ﾊﾟｽ","C:\eteam\tmp","OPEN21 連携","48","0","0","","一時作業用ファイルパス"
"op21mparam_csv_file_nm","CSVファイル名","ShiwakeDataTemp.csv","OPEN21 連携","49","0","0","","一時作業用ファイル名
拡張子*.CSV 固定"
"op21mparam_log_path","ログ用パス","C:\eteam\bat\logs","OPEN21 連携","50","0","0","","ログファイルパス"
"op21mparam_log_file_nm","ログファイル名","ShiwakeDataImport.log","OPEN21 連携","51","0","0","","ログファイル名
拡張子*.LOG 固定"
"op21mparam_layout_no","レイアウトNo","1","OPEN21 連携","52","0","0","","op21mparam_layout_no
SIAS版は1固定"
"op21mparam_denpyou_nyuuryoku_pattern","伝票入力パターン","0","OPEN21 連携","53","0","0","\d{0,2}","登録済み伝票入力パターン（0～99）
省略可能（0 を指定）"
"op21mparam_denpyou_nyuuryoku_pattern_A001","伝票入力パターン(経費立替精算)","0","OPEN21 連携","54","1","1","\d{0,2}","OPEN21での登録済み伝票入力パターンを指定します。（0～99）
未登録の場合は0を指定します。"
"op21mparam_denpyou_nyuuryoku_pattern_A002","伝票入力パターン(経費伺い申請（仮払申請）)","0","OPEN21 連携","55","1","1","\d{0,2}","OPEN21での登録済み伝票入力パターンを指定します。（0～99）
未登録の場合は0を指定します。"
"op21mparam_denpyou_nyuuryoku_pattern_A003","伝票入力パターン(請求書払い申請)","0","OPEN21 連携","56","1","1","\d{0,2}","OPEN21での登録済み伝票入力パターンを指定します。（0～99）
未登録の場合は0を指定します。"
"op21mparam_denpyou_nyuuryoku_pattern_A013","伝票入力パターン(支払依頼申請)","0","OPEN21 連携","57","1","1","\d{0,2}","OPEN21での登録済み伝票入力パターンを指定します。（0～99）
未登録の場合は0を指定します。"
"op21mparam_denpyou_nyuuryoku_pattern_A009","伝票入力パターン(自動引落伝票)","0","OPEN21 連携","58","1","1","\d{0,2}","OPEN21での登録済み伝票入力パターンを指定します。（0～99）
未登録の場合は0を指定します。"
"op21mparam_denpyou_nyuuryoku_pattern_A004","伝票入力パターン(出張旅費精算)","0","OPEN21 連携","59","1","1","\d{0,2}","OPEN21での登録済み伝票入力パターンを指定します。（0～99）
未登録の場合は0を指定します。"
"op21mparam_denpyou_nyuuryoku_pattern_A005","伝票入力パターン(出張伺い申請（仮払申請）)","0","OPEN21 連携","60","1","1","\d{0,2}","OPEN21での登録済み伝票入力パターンを指定します。（0～99）
未登録の場合は0を指定します。"
"op21mparam_denpyou_nyuuryoku_pattern_A011","伝票入力パターン(海外出張旅費精算)","0","OPEN21 連携","61","1","1","\d{0,2}","OPEN21での登録済み伝票入力パターンを指定します。（0～99）
未登録の場合は0を指定します。"
"op21mparam_denpyou_nyuuryoku_pattern_A012","伝票入力パターン(海外出張伺い申請（仮払申請）)","0","OPEN21 連携","62","1","1","\d{0,2}","OPEN21での登録済み伝票入力パターンを指定します。（0～99）
未登録の場合は0を指定します。"
"op21mparam_denpyou_nyuuryoku_pattern_A010","伝票入力パターン(交通費精算)","0","OPEN21 連携","63","1","1","\d{0,2}","OPEN21での登録済み伝票入力パターンを指定します。（0～99）
未登録の場合は0を指定します。"
"op21mparam_denpyou_nyuuryoku_pattern_A006","伝票入力パターン(通勤定期申請)","0","OPEN21 連携","64","1","1","\d{0,2}","OPEN21での登録済み伝票入力パターンを指定します。（0～99）
未登録の場合は0を指定します。"
"op21mparam_houka_kanzan_flg","邦貨換算フラグ","0","OPEN21 連携","65","0","0","(0|1)","0：外貨金額から邦貨金額の換算を行わない
1：外貨金額から邦貨金額の換算を行う
省略可能（0 を指定）"
"op21mparam_kidou_user","起動ユーザー","0001","OPEN21 連携","66","1","1","^(?!0000)\d{4,4}","0001～9999 のOPEN21ユーザーを指定します。
削除及び未登録ユーザー、使用できないユーザーを除きます。"
"shiwake_kbn","仕訳区分","1","OPEN21 連携","67","1","1","(1|2)","仕訳の転記先をどちらにするか。
1：日次用
2：部署入出力用"
"kakutei_umu","確定有無","1","OPEN21 連携","68","1","0","(1|2)","転記先が部署入出力の場合、確定済データとするかどうか。
1：確定済にする
2：未確定データにする"
"uf1_denpyou_id_hanei","ユニバーサルフィールド伝票ID反映","0","OPEN21 連携","69","1","1","(0|(UF([1-9]|[1]\d|20))|(HF([1-9]|10)))","ヘッダーフィールド・ユニバーサルフィールドに伝票IDを反映するかどうか。
マッピングするフィールドの使用フラグが1(マスター参照しない)でなければいけません。
0：反映しない
HF1～HF10：ヘッダーフィールド１～１０に反映する
UF1～UF20：ユニバーサルフィールド１～２０に反映する"
"kake_nashi_shiharai_shiwake_sakusei","掛けなし　支払結果仕訳作成有無","1","OPEN21 連携","70","1","1","(0|1)","掛けなしの請求書払い申請明細から、支払結果仕訳（＝計上仕訳）を作成するかどうか。
0：作成しない
1：作成する"
"kake_ari_shiharai_shiwake_sakusei","掛けあり　支払結果仕訳作成有無","1","OPEN21 連携","71","1","1","(0|1)","掛けありの請求書払い申請明細から、支払結果仕訳を作成するかどうか。
※計上仕訳は当設定とは関係なく作成されます。
0：作成しない
1：作成する"
"tsuukinteiki_shiwake_sakusei_umu","通勤定期　仕訳作成有無","0","OPEN21 連携","72","1","1","(0|1)","通勤定期申請から、仕訳を作成するかどうか。
0：作成しない
1：作成する"
"shain_cd_renkei","社員コード連携","0","OPEN21 連携","73","1","1","(0|(UF([1-9]|[1]\d|20))|(HF([1-9]|10))|T)","社員コードを仕訳に連携するかどうか。
0：連携しない
HF1～HF10：ヘッダーフィールド１～１０に連携する
UF1～UF20：ユニバーサルフィールド１～２０に連携する
T：摘要コードに連携する"
"houjin_card_renkei","法人カード識別用番号連携","0","OPEN21 連携","74","1","1","(0|(UF([1-9]|[1]\d|20)))","法人カード識別用番号を仕訳に連携するかどうか。
0：連携しない
UF1～UF20：ユニバーサルフィールド１～２０に連携する"
"hf1_mapping","ヘッダーフィールドマッピング①","0","OPEN21 連携","75","1","1","([0-9]|10)","ワークフローのヘッダーフィールドとリンクさせる
財務側のヘッダーフィールド番号を指定します。（１つ目）
0：利用しない
1～10：財務側のヘッダーフィールド番号"
"hf2_mapping","ヘッダーフィールドマッピング②","0","OPEN21 連携","76","1","1","([0-9]|10)","ワークフローのヘッダーフィールドとリンクさせる
財務側のヘッダーフィールド番号を指定します。（２つ目）
0：利用しない
1～10：財務側のヘッダーフィールド番号"
"hf3_mapping","ヘッダーフィールドマッピング③","0","OPEN21 連携","77","1","1","([0-9]|10)","ワークフローのヘッダーフィールドとリンクさせる
財務側のヘッダーフィールド番号を指定します。（３つ目）
0：利用しない
1～10：財務側のヘッダーフィールド番号"
"hf4_mapping","ヘッダーフィールドマッピング④","0","OPEN21 連携","78","1","1","([0-9]|10)","ワークフローのヘッダーフィールドとリンクさせる
財務側のヘッダーフィールド番号を指定します。（４つ目）
0：利用しない
1～10：財務側のヘッダーフィールド番号"
"hf5_mapping","ヘッダーフィールドマッピング⑤","0","OPEN21 連携","79","1","1","([0-9]|10)","ワークフローのヘッダーフィールドとリンクさせる
財務側のヘッダーフィールド番号を指定します。（５つ目）
0：利用しない
1～10：財務側のヘッダーフィールド番号"
"hf6_mapping","ヘッダーフィールドマッピング⑥","0","OPEN21 連携","80","1","1","([0-9]|10)","ワークフローのヘッダーフィールドとリンクさせる
財務側のヘッダーフィールド番号を指定します。（６つ目）
0：利用しない
1～10：財務側のヘッダーフィールド番号"
"hf7_mapping","ヘッダーフィールドマッピング⑦","0","OPEN21 連携","81","1","1","([0-9]|10)","ワークフローのヘッダーフィールドとリンクさせる
財務側のヘッダーフィールド番号を指定します。（７つ目）
0：利用しない
1～10：財務側のヘッダーフィールド番号"
"hf8_mapping","ヘッダーフィールドマッピング⑧","0","OPEN21 連携","82","1","1","([0-9]|10)","ワークフローのヘッダーフィールドとリンクさせる
財務側のヘッダーフィールド番号を指定します。（８つ目）
0：利用しない
1～10：財務側のヘッダーフィールド番号"
"hf9_mapping","ヘッダーフィールドマッピング⑨","0","OPEN21 連携","83","1","1","([0-9]|10)","ワークフローのヘッダーフィールドとリンクさせる
財務側のヘッダーフィールド番号を指定します。（９つ目）
0：利用しない
1～10：財務側のヘッダーフィールド番号"
"hf10_mapping","ヘッダーフィールドマッピング⑩","0","OPEN21 連携","84","1","1","([0-9]|10)","ワークフローのヘッダーフィールドとリンクさせる
財務側のヘッダーフィールド番号を指定します。（１０こ目）
0：利用しない
1～10：財務側のヘッダーフィールド番号"
"uf1_mapping","ユニバーサルフィールドマッピング①","0","OPEN21 連携","85","1","1","(0|([1-9]|[1]\d|20))","ワークフローのユニバーサルフィールドとリンクさせる
財務側のユニバーサルフィールド番号を指定します。（１つ目）
0：利用しない
1～20：財務側のユニバーサルフィールド番号"
"uf2_mapping","ユニバーサルフィールドマッピング②","0","OPEN21 連携","86","1","1","(0|([1-9]|[1]\d|20))","ワークフローのユニバーサルフィールドとリンクさせる
財務側のユニバーサルフィールド番号を指定します。（２つ目）
0：利用しない
1～20：財務側のユニバーサルフィールド番号"
"uf3_mapping","ユニバーサルフィールドマッピング③","0","OPEN21 連携","87","1","1","(0|([1-9]|[1]\d|20))","ワークフローのユニバーサルフィールドとリンクさせる
財務側のユニバーサルフィールド番号を指定します。（３つ目）
0：利用しない
1～20：財務側のユニバーサルフィールド番号"
"uf4_mapping","ユニバーサルフィールドマッピング④","0","OPEN21 連携","88","1","1","(0|([1-9]|[1]\d|20))","ワークフローのユニバーサルフィールドとリンクさせる
財務側のユニバーサルフィールド番号を指定します。（４つ目）
0：利用しない
1～20：財務側のユニバーサルフィールド番号"
"uf5_mapping","ユニバーサルフィールドマッピング⑤","0","OPEN21 連携","89","1","1","(0|([1-9]|[1]\d|20))","ワークフローのユニバーサルフィールドとリンクさせる
財務側のユニバーサルフィールド番号を指定します。（５つ目）
0：利用しない
1～20：財務側のユニバーサルフィールド番号"
"uf6_mapping","ユニバーサルフィールドマッピング⑥","0","OPEN21 連携","90","1","1","(0|([1-9]|[1]\d|20))","ワークフローのユニバーサルフィールドとリンクさせる
財務側のユニバーサルフィールド番号を指定します。（６つ目）
0：利用しない
1～20：財務側のユニバーサルフィールド番号"
"uf7_mapping","ユニバーサルフィールドマッピング⑦","0","OPEN21 連携","91","1","1","(0|([1-9]|[1]\d|20))","ワークフローのユニバーサルフィールドとリンクさせる
財務側のユニバーサルフィールド番号を指定します。（７つ目）
0：利用しない
1～20：財務側のユニバーサルフィールド番号"
"uf8_mapping","ユニバーサルフィールドマッピング⑧","0","OPEN21 連携","92","1","1","(0|([1-9]|[1]\d|20))","ワークフローのユニバーサルフィールドとリンクさせる
財務側のユニバーサルフィールド番号を指定します。（８つ目）
0：利用しない
1～20：財務側のユニバーサルフィールド番号"
"uf9_mapping","ユニバーサルフィールドマッピング⑨","0","OPEN21 連携","93","1","1","(0|([1-9]|[1]\d|20))","ワークフローのユニバーサルフィールドとリンクさせる
財務側のユニバーサルフィールド番号を指定します。（９つ目）
0：利用しない
1～20：財務側のユニバーサルフィールド番号"
"uf10_mapping","ユニバーサルフィールドマッピング⑩","0","OPEN21 連携","94","1","1","(0|([1-9]|[1]\d|20))","ワークフローのユニバーサルフィールドとリンクさせる
財務側のユニバーサルフィールド番号を指定します。（１０こ目）
0：利用しない
1～20：財務側のユニバーサルフィールド番号"
"uf_kotei1_mapping","ユニバーサルフィールドマッピング(固定値)①","0","OPEN21 連携","95","1","1","(0|([1-9]|[1]\d|20))","ワークフローのユニバーサルフィールドとリンクさせる
財務側のユニバーサルフィールド番号（固定）を指定します。（１つ目）
0：利用しない
1～20：財務側のユニバーサルフィールド番号"
"uf_kotei2_mapping","ユニバーサルフィールドマッピング(固定値)②","0","OPEN21 連携","96","1","1","(0|([1-9]|[1]\d|20))","ワークフローのユニバーサルフィールドとリンクさせる
財務側のユニバーサルフィールド番号（固定）を指定します。（２つ目）
0：利用しない
1～20：財務側のユニバーサルフィールド番号"
"uf_kotei3_mapping","ユニバーサルフィールドマッピング(固定値)③","0","OPEN21 連携","97","1","1","(0|([1-9]|[1]\d|20))","ワークフローのユニバーサルフィールドとリンクさせる
財務側のユニバーサルフィールド番号（固定）を指定します。（３つ目）
0：利用しない
1～20：財務側のユニバーサルフィールド番号"
"uf_kotei4_mapping","ユニバーサルフィールドマッピング(固定値)④","0","OPEN21 連携","98","1","1","(0|([1-9]|[1]\d|20))","ワークフローのユニバーサルフィールドとリンクさせる
財務側のユニバーサルフィールド番号（固定）を指定します。（４つ目）
0：利用しない
1～20：財務側のユニバーサルフィールド番号"
"uf_kotei5_mapping","ユニバーサルフィールドマッピング(固定値)⑤","0","OPEN21 連携","99","1","1","(0|([1-9]|[1]\d|20))","ワークフローのユニバーサルフィールドとリンクさせる
財務側のユニバーサルフィールド番号（固定）を指定します。（５つ目）
0：利用しない
1～20：財務側のユニバーサルフィールド番号"
"uf_kotei6_mapping","ユニバーサルフィールドマッピング(固定値)⑥","0","OPEN21 連携","100","1","1","(0|([1-9]|[1]\d|20))","ワークフローのユニバーサルフィールドとリンクさせる
財務側のユニバーサルフィールド番号（固定）を指定します。（６つ目）
0：利用しない
1～20：財務側のユニバーサルフィールド番号"
"uf_kotei7_mapping","ユニバーサルフィールドマッピング(固定値)⑦","0","OPEN21 連携","101","1","1","(0|([1-9]|[1]\d|20))","ワークフローのユニバーサルフィールドとリンクさせる
財務側のユニバーサルフィールド番号（固定）を指定します。（７つ目）
0：利用しない
1～20：財務側のユニバーサルフィールド番号"
"uf_kotei8_mapping","ユニバーサルフィールドマッピング(固定値)⑧","0","OPEN21 連携","102","1","1","(0|([1-9]|[1]\d|20))","ワークフローのユニバーサルフィールドとリンクさせる
財務側のユニバーサルフィールド番号（固定）を指定します。（８つ目）
0：利用しない
1～20：財務側のユニバーサルフィールド番号"
"uf_kotei9_mapping","ユニバーサルフィールドマッピング(固定値)⑨","0","OPEN21 連携","103","1","1","(0|([1-9]|[1]\d|20))","ワークフローのユニバーサルフィールドとリンクさせる
財務側のユニバーサルフィールド番号（固定）を指定します。（９つ目）
0：利用しない
1～20：財務側のユニバーサルフィールド番号"
"uf_kotei10_mapping","ユニバーサルフィールドマッピング(固定値)⑩","0","OPEN21 連携","104","1","1","(0|([1-9]|[1]\d|20))","ワークフローのユニバーサルフィールドとリンクさせる
財務側のユニバーサルフィールド番号（固定）を指定します。（１０こ目）
0：利用しない
1～20：財務側のユニバーサルフィールド番号"
"tenpu_file_renkei","添付ファイル連携","0","OPEN21 連携","105","1","1","(0|1)","ワークフローの添付ファイルを財務連携するかどうか。
※許容された拡張子以外の添付ファイルは無視します。
0：連携しない
1：連携する"
"shiwake_sakusei_error_action","仕訳作成エラー発生時の進め方","1","OPEN21 連携","106","1","1","(1|2)","仕訳作成処理でエラーが発生した時の進め方を指定します。
1：エラーが発生した伝票種別の仕訳は全て転記しない
2：正常な仕訳は転記する"
"shiwake_sakusei_sakihiduke","先日付の仕訳連携","0","OPEN21 連携","107","1","1","(0|1)","仕訳作成処理で先日付の仕訳連携を許容するかどうかを指定します。
0：許容しない
1：許容する"
"shiwake_sakusei_houhou_A001","仕訳作成方法(経費立替精算)","3","OPEN21 連携","108","1","1","(1|2|3)","仕訳の作成方法を指定します。
※仕訳作成方法を現金主義→発生主義に変更した場合、必ず経費立替精算の取引に対して貸方３を設定してください。
1：発生主義（計上日と支払日が異なる場合作成）
2：発生主義（常に作成）
3：現金主義"
"shiwake_sakusei_houhou_A009","仕訳作成方法(自動引落)","3","OPEN21 連携","109","1","1","(1|2|3)","仕訳の作成方法を指定します。
※仕訳作成方法を現金主義→発生主義に変更した場合、必ず自動引落の取引に対して貸方２を設定してください。
1：発生主義（計上日と支払日が異なる場合作成）
2：発生主義（常に作成）
3：現金主義"
"shiwake_sakusei_houhou_A004","仕訳作成方法(出張旅費精算)","3","OPEN21 連携","110","1","1","(1|2|3)","仕訳の作成方法を指定します。
※仕訳作成方法を現金主義→発生主義に変更した場合、必ず出張旅費精算の取引に対して貸方３を設定してください。
1：発生主義（計上日と支払日が異なる場合作成）
2：発生主義（常に作成）
3：現金主義"
"shiwake_sakusei_houhou_A011","仕訳作成方法(海外出張旅費精算)","3","OPEN21 連携","111","1","1","(1|2|3)","仕訳の作成方法を指定します。
※仕訳作成方法を現金主義→発生主義に変更した場合、必ず出張旅費精算の取引に対して貸方３を設定してください。
1：発生主義（計上日と支払日が異なる場合作成）
2：発生主義（常に作成）
3：現金主義"
"shiwake_sakusei_houhou_A010","仕訳作成方法(交通費精算)","3","OPEN21 連携","112","1","1","(1|2|3)","仕訳の作成方法を指定します。
※仕訳作成方法を現金主義→発生主義に変更した場合、必ず交通費精算の取引に対して貸方３を設定してください。
1：発生主義（計上日と支払日が異なる場合作成）
2：発生主義（常に作成）
3：現金主義"
"zankin_shiwake_sakusei_umu_A001","仮払残金仕訳作成有無(経費立替精算)","1","OPEN21 連携","113","1","1","(0|1)","精算において仮払残金仕訳の作成有無を指定します。
0：作成しない
1：作成する"
"zankin_shiwake_sakusei_umu_A004","仮払残金仕訳作成有無(出張旅費精算)","1","OPEN21 連携","114","1","1","(0|1)","精算において仮払残金仕訳の作成有無を指定します。
0：作成しない
1：作成する"
"zankin_shiwake_sakusei_umu_A011","仮払残金仕訳作成有無(海外出張旅費精算)","1","OPEN21 連携","115","1","1","(0|1)","精算において仮払残金仕訳の作成有無を指定します。
0：作成しない
1：作成する"
"zankin_shiwake_hi_A001","仮払残金仕訳の日付(経費立替精算)","1","OPEN21 連携","116","1","1","(1|2)","仮払残金仕訳作成有無(経費立替精算)の値が1(作成する)の際に有効。
1：計上日
2：支払日"
"zankin_shiwake_hi_A004","仮払残金仕訳の日付(出張旅費精算)","1","OPEN21 連携","117","1","1","(1|2)","仮払残金仕訳作成有無(出張旅費精算)の値が1(作成する)の際に有効。
1：計上日
2：支払日"
"zankin_shiwake_hi_A011","仮払残金仕訳の日付(海外出張旅費精算)","1","OPEN21 連携","118","1","1","(1|2)","仮払残金仕訳作成有無(海外出張旅費精算)の値が1(作成する)の際に有効。
1：計上日
2：支払日"
"denpyou_serial_no_start","開始番号(伝票番号)","1","OPEN21 連携","119","1","1","^\d{0,7}[13579]$","伝票番号の開始を指定します。
1～99999997の奇数番号を設定。"
"denpyou_serial_no_end","終了番号(伝票番号)","99999998","OPEN21 連携","120","1","1","^\d{0,7}[02468]$","伝票番号の終了を指定します。
2～99999998の偶数番号を設定。"
"denpyou_sakusei_tani_A001","経費立替精算","1","伝票作成単位","121","1","1","(1|2)","仕訳転記時の伝票作成単位を指定します。
1：伝票種別毎申請伝票毎
2：伝票種別毎同一伝票日付毎"
"denpyou_sakusei_tani_A002","経費伺い申請（仮払申請）","1","伝票作成単位","122","1","1","(1|2)","仕訳転記時の伝票作成単位を指定します。
1：伝票種別毎申請伝票毎
2：伝票種別毎同一伝票日付毎"
"denpyou_sakusei_tani_A003","請求書払い申請","1","伝票作成単位","123","1","1","(1|2)","仕訳転記時の伝票作成単位を指定します。
1：伝票種別毎申請伝票毎
2：伝票種別毎同一伝票日付毎"
"denpyou_sakusei_tani_A013","支払依頼申請","1","伝票作成単位","124","1","1","(1|2)","仕訳転記時の伝票作成単位を指定します。
1：伝票種別毎申請伝票毎
2：伝票種別毎同一伝票日付毎"
"denpyou_sakusei_tani_A009","自動引落伝票","1","伝票作成単位","125","1","1","(1|2)","仕訳転記時の伝票作成単位を指定します。
1：伝票種別毎申請伝票毎
2：伝票種別毎同一伝票日付毎"
"denpyou_sakusei_tani_A004","出張旅費精算","1","伝票作成単位","126","1","1","(1|2)","仕訳転記時の伝票作成単位を指定します。
1：伝票種別毎申請伝票毎
2：伝票種別毎同一伝票日付毎"
"denpyou_sakusei_tani_A005","出張伺い申請（仮払申請）","1","伝票作成単位","127","1","1","(1|2)","仕訳転記時の伝票作成単位を指定します。
1：伝票種別毎申請伝票毎
2：伝票種別毎同一伝票日付毎"
"denpyou_sakusei_tani_A011","海外出張旅費精算","1","伝票作成単位","128","1","1","(1|2)","仕訳転記時の伝票作成単位を指定します。
1：伝票種別毎申請伝票毎
2：伝票種別毎同一伝票日付毎"
"denpyou_sakusei_tani_A012","海外出張伺い申請（仮払申請）","1","伝票作成単位","129","1","1","(1|2)","仕訳転記時の伝票作成単位を指定します。
1：伝票種別毎申請伝票毎
2：伝票種別毎同一伝票日付毎"
"denpyou_sakusei_tani_A010","交通費精算","1","伝票作成単位","130","1","1","(1|2)","仕訳転記時の伝票作成単位を指定します。
1：伝票種別毎申請伝票毎
2：伝票種別毎同一伝票日付毎"
"denpyou_sakusei_tani_A006","通勤定期申請","1","伝票作成単位","131","1","1","(1|2)","仕訳転記時の伝票作成単位を指定します。
1：伝票種別毎申請伝票毎
2：伝票種別毎同一伝票日付毎"
"denpyou_sakusei_tani_A007","振替伝票","1","伝票作成単位","132","1","1","(1|2)","仕訳転記時の伝票作成単位を指定します。
1：伝票種別毎申請伝票毎
2：伝票種別毎同一伝票日付毎"
"denpyou_sakusei_tani_A008","総合付替伝票","1","伝票作成単位","133","1","1","(1|2)","仕訳転記時の伝票作成単位を指定します。
1：伝票種別毎申請伝票毎
2：伝票種別毎同一伝票日付毎"
"shiwake_tekiyou_naiyou_A001","経費立替精算","<USER> <SHIYOUBI>  <TEKIYOU>","仕訳摘要内容","134","1","1","","<USER>：ユーザー名
<SHIYOUSHA>：伝票画面で入力した使用者
<TORIHIKI>：伝票画面で入力した取引名
<TEKIYOU>：伝票画面で入力した摘要
<SHIYOUBI>：伝票画面で入力した使用日
<TORIHIKISAKI>：伝票画面で入力した取引先名"
"shiwake_tekiyou_naiyou_A001_1","経費立替仮払相殺","<USER>  経費立替仮払相殺","仕訳摘要内容","135","1","1","","<USER>：ユーザー名
<SHIYOUSHA>：伝票画面で入力した使用者
<TORIHIKI>：伝票画面で入力した取引名
<TEKIYOU>：伝票画面で入力した摘要
<SHIYOUBI>：伝票画面で入力した使用日
<TORIHIKISAKI>：伝票画面で入力した取引先名"
"shiwake_tekiyou_naiyou_A001_2","(仮払未使用)経費立替仮払相殺","<USER>  (仮払未使用)経費立替仮払相殺","仕訳摘要内容","136","1","1","","<USER>：ユーザー名
<SHIYOUSHA>：伝票画面で入力した使用者"
"shiwake_tekiyou_naiyou_A001_3","経費立替仮払残金","<USER>  経費立替仮払残金","仕訳摘要内容","137","1","1","","<USER>：ユーザー名
<SHIYOUSHA>：伝票画面で入力した使用者
<TORIHIKI>：伝票画面で入力した取引名
<TEKIYOU>：伝票画面で入力した摘要
<SHIYOUBI>：伝票画面で入力した使用日
<TORIHIKISAKI>：伝票画面で入力した取引先名"
"shiwake_tekiyou_naiyou_A002","経費伺い申請（仮払申請）","<USER>  <TEKIYOU>","仕訳摘要内容","138","1","1","","<USER>：ユーザー名
<TORIHIKI>：伝票画面で入力した取引名
<TEKIYOU>：伝票画面で入力した摘要"
"shiwake_tekiyou_naiyou_A003","請求書払い申請","<USER>  <TEKIYOU>","仕訳摘要内容","139","1","1","","<USER>：ユーザー名
<TORIHIKI>：伝票画面で入力した取引名
<TEKIYOU>：伝票画面で入力した摘要
<TORIHIKISAKI>：伝票画面で入力した取引先名"
"shiwake_tekiyou_naiyou_A013","支払依頼申請","<USER>  <TEKIYOU>","仕訳摘要内容","140","1","1","","<USER>：ユーザー名
<TORIHIKI>：伝票画面で入力した取引名
<TEKIYOU>：伝票画面で入力した摘要
<TORIHIKISAKI>：伝票画面で入力した取引先名"
"shiwake_tekiyou_naiyou_A004","出張旅費精算","<USER>  <SEISANEND>  <TEKIYOU>","仕訳摘要内容","141","1","1","","<USER>：ユーザー名
<SHIYOUSHA>：伝票画面で入力した使用者
<TORIHIKI>：伝票画面で入力した取引名
<TEKIYOU>：伝票画面で入力した摘要
<SEISANSTART>：伝票画面で入力した精算期間開始日
<SEISANEND>：伝票画面で入力した精算期間終了日"
"shiwake_tekiyou_naiyou_A004_1","出張旅費精算仮払相殺","<USER>  出張旅費精算仮払相殺","仕訳摘要内容","142","1","1","","<USER>：ユーザー名
<SHIYOUSHA>：伝票画面で入力した使用者
<TORIHIKI>：伝票画面で入力した取引名
<TEKIYOU>：伝票画面で入力した摘要
<SEISANSTART>：伝票画面で入力した精算期間開始日
<SEISANEND>：伝票画面で入力した精算期間終了日"
"shiwake_tekiyou_naiyou_A004_2","(仮払未使用)出張旅費精算仮払相殺","<USER>  (仮払未使用)出張旅費精算仮払相殺","仕訳摘要内容","143","1","1","","<USER>：ユーザー名
<SHIYOUSHA>：伝票画面で入力した使用者"
"shiwake_tekiyou_naiyou_A004_3","出張旅費精算仮払残金","<USER>  出張旅費精算仮払残金","仕訳摘要内容","144","1","1","","<USER>：ユーザー名
<SHIYOUSHA>：伝票画面で入力した使用者
<TORIHIKI>：伝票画面で入力した取引名
<TEKIYOU>：伝票画面で入力した摘要
<SEISANEND>：伝票画面で入力した精算期間終了日"
"shiwake_tekiyou_naiyou_A005","出張伺い申請（仮払申請）","<USER>  <TEKIYOU>","仕訳摘要内容","145","1","1","","<USER>：ユーザー名
<SHIYOUSHA>：伝票画面で入力した使用者
<TORIHIKI>：伝票画面で入力した取引名
<TEKIYOU>：伝票画面で入力した摘要"
"shiwake_tekiyou_naiyou_A011","海外出張旅費精算","<USER>  <SEISANEND>  <TEKIYOU>","仕訳摘要内容","146","1","1","","<USER>：ユーザー名
<SHIYOUSHA>：伝票画面で入力した使用者
<TORIHIKI>：伝票画面で入力した取引名
<TEKIYOU>：伝票画面で入力した摘要
<SEISANSTART>：伝票画面で入力した精算期間開始日
<SEISANEND>：伝票画面で入力した精算期間終了日"
"shiwake_tekiyou_naiyou_A011_1","海外出張旅費精算仮払相殺","<USER>  海外出張旅費精算仮払相殺","仕訳摘要内容","147","1","1","","<USER>：ユーザー名
<SHIYOUSHA>：伝票画面で入力した使用者
<TORIHIKI>：伝票画面で入力した取引名
<TEKIYOU>：伝票画面で入力した摘要
<SEISANSTART>：伝票画面で入力した精算期間開始日
<SEISANEND>：伝票画面で入力した精算期間終了日"
"shiwake_tekiyou_naiyou_A011_2","(仮払未使用)海外出張旅費精算仮払相殺","<USER>  (仮払未使用)海外出張旅費精算仮払相殺","仕訳摘要内容","148","1","1","","<USER>：ユーザー名
<SHIYOUSHA>：伝票画面で入力した使用者"
"shiwake_tekiyou_naiyou_A011_3","海外出張旅費精算仮払残金","<USER>  海外出張旅費精算仮払残金","仕訳摘要内容","149","1","1","","<USER>：ユーザー名
<SHIYOUSHA>：伝票画面で入力した使用者
<TORIHIKI>：伝票画面で入力した取引名
<TEKIYOU>：伝票画面で入力した摘要
<SEISANEND>：伝票画面で入力した精算期間終了日"
"shiwake_tekiyou_naiyou_A012","海外出張伺い申請（仮払申請）","<USER>  <TEKIYOU>","仕訳摘要内容","150","1","1","","<USER>：ユーザー名
<SHIYOUSHA>：伝票画面で入力した使用者
<TORIHIKI>：伝票画面で入力した取引名
<TEKIYOU>：伝票画面で入力した摘要"
"shiwake_tekiyou_naiyou_A006","通勤定期申請","<USER>  <TORIHIKI>","仕訳摘要内容","151","1","1","","<USER>：ユーザー名
<TORIHIKI>：伝票画面で入力した取引名"
"shiwake_tekiyou_naiyou_A009","自動引落伝票","<USER>  <TEKIYOU>","仕訳摘要内容","152","1","1","","<USER>：ユーザー名
<TORIHIKI>：伝票画面で入力した取引名
<TEKIYOU>：伝票画面で入力した摘要
<TORIHIKISAKI>：伝票画面で入力した取引先名"
"shiwake_tekiyou_naiyou_A010","交通費精算","<USER>  <SEISANEND>  <TEKIYOU>","仕訳摘要内容","153","1","1","","<USER>：ユーザー名
<TORIHIKI>：伝票画面で入力した取引名
<TEKIYOU>：伝票画面で入力した摘要
<SEISANSTART>：伝票画面で入力した精算期間開始日
<SEISANEND>：伝票画面で入力した精算期間終了日"
"shiharai_houhou_A001","支払方法(経費立替精算)","1,2","支払方法","154","1","1","(1|2|1,2|2,1)","支払金の支払方法を指定します。（複数指定する場合は、カンマ区切り）
1：現金
2：振込"
"shiharai_houhou_A002","支払方法(経費伺い申請（仮払申請）)","1,2","支払方法","155","1","1","(1|2|1,2|2,1)","仮払金の支払方法を指定します。（複数指定する場合は、カンマ区切り）
1：現金
2：振込"
"shiharai_houhou_A004","支払方法(海外出張旅費・出張旅費・交通費)","1,2","支払方法","156","1","1","(1|2|1,2|2,1)","支払金の支払方法を指定します。（複数指定する場合は、カンマ区切り）
1：現金
2：振込"
"shiharai_houhou_A005","支払方法(海外出張伺い申請（仮払申請）・出張伺い申請（仮払申請）)","1,2","支払方法","157","1","1","(1|2|1,2|2,1)","仮払金の支払方法を指定します。（複数指定する場合は、カンマ区切り）
1：現金
2：振込"
"seikyuu_keijou_nyuuryoku","請求書払い申請(計上日入力)","0","計上日・支払","158","1","1","(0|1)","計上日を申請者が入力するかどうか。
0：経理権限のみ計上日を入力
1：申請者が計上日を入力"
"seikyuu_keijou_seigen","請求書払い申請(申請者の計上日制限)","","計上日・支払","159","1","0","(0|1)","申請者が計上日を入力する場合、
申請者が入力した計上日を制限するかどうかを指定します。
0：しない
1：する
「する」の場合、請求書払い申請締メニューから計上日の締めを行うことができます。
申請者は締め日以前の計上日を入力することはできません。"
"seikyuu_masref","請求書払い申請(取引先マスター参照)","0","計上日・支払","160","1","1","(0|1)","取引先マスター参照をデフォルトでチェックONにするか。
0：しない
1：する"
"seikyuu_shiharaibi_ikkatsu","請求書払い申請（支払日一括登録）","0","計上日・支払","161","1","1","(0|1|2)","支払日を一括登録可能にするかどうかを指定します。
0：不可能
1：可能
2：取引先マスター参照がOFFの伝票のみ可能"
"shiharaiirai_keijou_seigen","支払依頼申請(計上日制限)","","計上日・支払","162","1","0","(0|1)","計上日を制限するかどうかを指定します。
0：しない
1：する
「する」の場合、支払依頼申請締メニューから計上日の締めを行うことができます。
締め日以前の計上日を入力することはできません。"
"shiharaiirai_shiharaibi_ikkatsu","支払依頼申請（支払日一括登録）","0","計上日・支払","163","1","1","(0|1)","支払日を一括登録可能にするかどうかを指定します。
0：不可能
1：可能"
"jidouhiki_keijou_nyuuryoku","自動引落伝票(計上日入力)","0","計上日・支払","164","1","1","(0|1)","計上日を申請者が入力するかどうか。
0：経理権限のみ計上日を入力
1：申請者が計上日を入力"
"jidouhiki_keijou_seigen","自動引落伝票(申請者の計上日制限)","","計上日・支払","165","1","0","(0|1)","申請者が計上日を入力する場合、
申請者が入力した計上日を制限するかどうかを指定します。
0：しない
1：する
「する」の場合、自動引落伝票締メニューから計上日の締めを行うことができます。
申請者は締め日以前の計上日を入力することはできません。"
"keijoubi_default_A001","経費立替精算(計上日入力)","1","計上日・支払","166","1","1","(0|1|2|3)","計上日を申請者が入力するかどうか。
0：経理権限のみ計上日を入力(デフォルトなし)
1：経理権限のみ計上日を入力(デフォルト使用日)
2：経理権限のみ計上日を入力(デフォルト申請日)
3：申請者が計上日を入力"
"keihiseisan_keijou_seigen","経費立替精算(申請者の計上日制限)","","計上日・支払","167","1","0","(0|1)","申請者が計上日を入力する場合、
申請者が入力した計上日を制限するかどうかを指定します。
0：しない
1：する
「する」の場合、経費立替精算締メニューから計上日の締めを行うことができます。
申請者は締め日以前の計上日を入力することはできません。"
"keijoubi_default_A004","出張旅費精算(計上日入力)","1","計上日・支払","168","1","1","(0|1|2|3)","計上日を申請者が入力するかどうか。
0：経理権限のみ計上日を入力(デフォルトなし)
1：経理権限のみ計上日を入力(デフォルト精算期間終了日)
2：経理権限のみ計上日を入力(デフォルト申請日)
3：申請者が計上日を入力"
"ryohiseisan_keijou_seigen","出張旅費精算(申請者の計上日制限)","","計上日・支払","169","1","0","(0|1)","申請者が計上日を入力する場合、
申請者が入力した計上日を制限するかどうかを指定します。
0：しない
1：する
「する」の場合、出張旅費精算締メニューから計上日の締めを行うことができます。
申請者は締め日以前の計上日を入力することはできません。"
"keijoubi_default_A011","海外出張旅費精算(計上日入力)","1","計上日・支払","170","1","1","(0|1|2|3)","計上日を申請者が入力するかどうか。
0：経理権限のみ計上日を入力(デフォルトなし)
1：経理権限のみ計上日を入力(デフォルト精算期間終了日)
2：経理権限のみ計上日を入力(デフォルト申請日)
3：申請者が計上日を入力"
"kaigairyohiseisan_keijou_seigen","海外出張旅費精算(申請者の計上日制限)","","計上日・支払","171","1","0","(0|1)","申請者が計上日を入力する場合、
申請者が入力した計上日を制限するかどうかを指定します。
0：しない
1：する
「する」の場合、海外出張旅費精算締メニューから計上日の締めを行うことができます。
申請者は締め日以前の計上日を入力することはできません。"
"keijoubi_default_A010","交通費精算(計上日入力)","1","計上日・支払","172","1","1","(0|1|2|3)","計上日を申請者が入力するかどうか。
0：経理権限のみ計上日を入力(デフォルトなし)
1：経理権限のみ計上日を入力(精算期間終了日)
2：経理権限のみ計上日を入力(申請日)
3：申請者が計上日を入力"
"koutsuuhiseisan_keijou_seigen","交通費精算(申請者の計上日制限)","","計上日・支払","173","1","0","(0|1)","申請者が計上日を入力する場合、
申請者が入力した計上日を制限するかどうかを指定します。
0：しない
1：する
「する」の場合、交通費精算締メニューから計上日の締めを行うことができます。
申請者は締め日以前の計上日を入力することはできません。"
"keijou_nyuuryoku","計上日入力","1","計上日・支払","174","1","1","(1|2)","計上日の入力方法を指定します。
1：手入力
2：プルダウン選択"
"keijou_hani_mae_A003","計上日範囲・前(請求書払い申請)","1","計上日・支払","175","1","1","(0|[1-9]\d{0,1})","計上日を何ヶ月前まで指定できるかを設定します。
0～99の範囲で設定してください。"
"keijou_hani_ato_A003","計上日範囲・後(請求書払い申請)","1","計上日・支払","176","1","1","(0|[1-9]\d{0,1})","計上日を何ヶ月後まで指定できるかを設定します。
0～99の範囲で設定してください。"
"keijou_hani_mae_A013","計上日範囲・前(支払依頼申請)","1","計上日・支払","177","1","1","(0|[1-9]\d{0,1})","計上日を何ヶ月前まで指定できるかを設定します。
0～99の範囲で設定してください。"
"keijou_hani_ato_A013","計上日範囲・後(支払依頼申請)","1","計上日・支払","178","1","1","(0|[1-9]\d{0,1})","計上日を何ヶ月後まで指定できるかを設定します。
0～99の範囲で設定してください。"
"keijou_hani_mae_A009","計上日範囲・前(自動引落伝票)","1","計上日・支払","179","1","1","(0|[1-9]\d{0,1})","計上日を何ヶ月前まで指定できるかを設定します。
0～99の範囲で設定してください。"
"keijou_hani_ato_A009","計上日範囲・後(自動引落伝票)","1","計上日・支払","180","1","1","(0|[1-9]\d{0,1})","計上日を何ヶ月後まで指定できるかを設定します。
0～99の範囲で設定してください。"
"keijou_hani_mae_A001","計上日範囲・前(経費立替精算)","1","計上日・支払","181","1","1","(0|[1-9]\d{0,1})","計上日を何ヶ月前まで指定できるかを設定します。
0～99の範囲で設定してください。"
"keijou_hani_ato_A001","計上日範囲・後(経費立替精算)","1","計上日・支払","182","1","1","(0|[1-9]\d{0,1})","計上日を何ヶ月後まで指定できるかを設定します。
0～99の範囲で設定してください。"
"keijou_hani_mae_A004","計上日範囲・前(出張旅費精算)","1","計上日・支払","183","1","1","(0|[1-9]\d{0,1})","計上日を何ヶ月前まで指定できるかを設定します。
0～99の範囲で設定してください。"
"keijou_hani_ato_A004","計上日範囲・後(出張旅費精算)","1","計上日・支払","184","1","1","(0|[1-9]\d{0,1})","計上日を何ヶ月後まで指定できるかを設定します。
0～99の範囲で設定してください。"
"keijou_hani_mae_A011","計上日範囲・前(海外出張旅費精算)","1","計上日・支払","185","1","1","(0|[1-9]\d{0,1})","計上日を何ヶ月前まで指定できるかを設定します。
0～99の範囲で設定してください。"
"keijou_hani_ato_A011","計上日範囲・後(海外出張旅費精算)","1","計上日・支払","186","1","1","(0|[1-9]\d{0,1})","計上日を何ヶ月後まで指定できるかを設定します。
0～99の範囲で設定してください。"
"keijou_hani_mae_A010","計上日範囲・前(交通費精算)","1","計上日・支払","187","1","1","(0|[1-9]\d{0,1})","計上日を何ヶ月前まで指定できるかを設定します。
0～99の範囲で設定してください。"
"keijou_hani_ato_A010","計上日範囲・後(交通費精算)","1","計上日・支払","188","1","1","(0|[1-9]\d{0,1})","計上日を何ヶ月後まで指定できるかを設定します。
0～99の範囲で設定してください。"
"furikomi_rule_A001","経費立替精算","0","振込日ルール適用","189","1","1","(0|1|2)","経費立替精算を、振込日ルールマスターによる振込日自動決定の対象とするかどうか。
0：対象としない
1：対象とする（日付指定）
2：対象とする（曜日指定）"
"furikomi_rule_A002","経費伺い申請（仮払申請）","0","振込日ルール適用","190","1","1","(0|1|2)","経費伺い申請（仮払申請）を、振込日ルールマスターによる振込日自動決定の対象とするかどうか。
0：対象としない
1：対象とする（日付指定）
2：対象とする（曜日指定）"
"furikomi_rule_A004","出張旅費精算","0","振込日ルール適用","191","1","1","(0|1|2)","出張旅費精算を、振込日ルールマスターによる振込日自動決定の対象とするかどうか。
0：対象としない
1：対象とする（日付指定）
2：対象とする（曜日指定）"
"furikomi_rule_A005","出張伺い申請（仮払申請）","0","振込日ルール適用","192","1","1","(0|1|2)","出張伺い申請（仮払申請）を、振込日ルールマスターによる振込日自動決定の対象とするかどうか。
0：対象としない
1：対象とする（日付指定）
2：対象とする（曜日指定）"
"furikomi_rule_A011","海外出張旅費精算","0","振込日ルール適用","193","1","1","(0|1|2)","海外出張旅費精算を、振込日ルールマスターによる振込日自動決定の対象とするかどうか。
0：対象としない
1：対象とする（日付指定）
2：対象とする（曜日指定）"
"furikomi_rule_A012","海外出張伺い申請（仮払申請）","0","振込日ルール適用","194","1","1","(0|1|2)","海外出張伺い申請（仮払申請）を、振込日ルールマスターによる振込日自動決定の対象とするかどうか。
0：対象としない
1：対象とする（日付指定）
2：対象とする（曜日指定）"
"furikomi_rule_A010","交通費精算","0","振込日ルール適用","195","1","1","(0|1|2)","交通費精算を、振込日ルールマスターによる振込日自動決定の対象とするかどうか。
0：対象としない
1：対象とする（日付指定）
2：対象とする（曜日指定）"
"furikomi_rule_A006","通勤定期申請","0","振込日ルール適用","196","1","1","(0|1|2)","通勤定期申請を、振込日ルールマスターによる振込日自動決定の対象とするかどうか。
0：対象としない
1：対象とする（日付指定）
2：対象とする（曜日指定）"
"ouin_format","押印枠　出力形式","0","帳票","197","1","1","([0-8]|[W]|[X])","押印枠の表示数を決定する。
0：押印枠非表示。
1～8：指定個数分の押印枠を表示。
X：申請者+承認者の数だけ押印枠を表示。ただし最大8枠まで。
W：合議部署を含めたすべての承認者分の押印枠を表示。"
"ouin_naiyou","押印枠　表示内容","0","帳票","198","1","1","[0-3]","押印枠の名称に表示する内容を決定する。
0：非表示
1：役割
2：ユーザー名
3：処理権限名"
"inei","印影（画像）表示","0","帳票","199","1","1","(0|1)","印影（画像）を表示するかしないかを指定します。
0：表示しない
1：表示する"
"ouin_size","押印枠サイズ","1","帳票","200","1","1","[1-2]","押印枠のサイズを指定します。
1：大
2：小"
"filename_out","添付ファイルのファイル名出力","0","帳票","201","1","1","(0|1)","添付ファイルのファイル名を申請書帳票に出力するか。
0：しない
1：する"
"sokyu_insatsu","遡及日適用印刷機能利用","0","帳票","202","1","1","(0|1)","遡及日適用印刷機能を利用するかどうか。
0：しない
1：する"
"keihimeisai_bumon","経費明細一覧に部門を出力する","0","帳票","203","1","1","(0|1)","経費明細一覧に部門を出力するかどうか。
0：表示しない
1：表示する"
"keihimeisai_edano","経費明細一覧に枝番を出力する","0","帳票","204","1","1","(0|1)","経費明細一覧に枝番を出力するかどうか。
0：表示しない
1：表示する"
"keihimeisai_security_psettei","経費明細一覧セキュリティパターン設定","1","帳票","205","1","1","(1|2)","経費明細一覧参照時のセキュリティパターンの設定。
1：ユーザー毎に設定する
2：所属部門毎に設定する"
"ebunsho_enable_flg","e文書を有効にする","0","e文書","206","1","1","(0|1)","添付ファイルをe文書として登録するかどうか。
0：無効
1：有効"
"ebunsho_seisei_A001","経費立替精算","0","e文書","207","1","1","(0|1)","経費立替精算を、e文書対象とするかどうか。
0：対象としない
1：対象とする"
"ebunsho_shubetsu_A001","書類種別(経費立替精算)","0","e文書","208","1","1","","経費立替精算で選択可能な書類種別を指定します。（複数指定する場合は、カンマ区切り）
経費立替精算の値が1（対象とする）の際に有効。
0：領収書
1：請求書
2：契約書
3：納品書
4：注文書
5：見積書"
"ebunsho_seisei_A002","経費伺い申請（仮払申請）","0","e文書","209","1","1","(0|1)","経費伺い申請（仮払申請）を、e文書対象とするかどうか。
0：対象としない
1：対象とする"
"ebunsho_shubetsu_A002","書類種別(経費伺い申請（仮払申請）)","0","e文書","210","1","1","","経費伺い申請（仮払申請）で選択可能な書類種別を指定します。（複数指定する場合は、カンマ区切り）
経費伺い申請（仮払申請）の値が1（対象とする）の際に有効。
0：領収書
1：請求書
2：契約書
3：納品書
4：注文書
5：見積書"
"ebunsho_seisei_A003","請求書払い申請","0","e文書","211","1","1","(0|1)","請求書払い申請を、e文書対象とするかどうか。
0：対象としない
1：対象とする"
"ebunsho_shubetsu_A003","書類種別(請求書払い申請)","0","e文書","212","1","1","","請求書払い申請で選択可能な書類種別を指定します。（複数指定する場合は、カンマ区切り）
請求書払い申請の値が1（対象とする）の際に有効。
0：領収書
1：請求書
2：契約書
3：納品書
4：注文書
5：見積書"
"ebunsho_seisei_A004","出張旅費精算","0","e文書","213","1","1","(0|1)","出張旅費精算を、e文書対象とするかどうか。
0：対象としない
1：対象とする"
"ebunsho_shubetsu_A004","書類種別(出張旅費精算)","0","e文書","214","1","1","","出張旅費精算で選択可能な書類種別を指定します。（複数指定する場合は、カンマ区切り）
出張旅費精算の値が1（対象とする）の際に有効。
0：領収書
1：請求書
2：契約書
3：納品書
4：注文書
5：見積書"
"ebunsho_seisei_A005","出張伺い申請（仮払申請）","0","e文書","215","1","1","(0|1)","出張伺い申請（仮払申請）を、e文書対象とするかどうか。
0：対象としない
1：対象とする"
"ebunsho_shubetsu_A005","書類種別(出張伺い申請（仮払申請）)","0","e文書","216","1","1","","出張伺い申請（仮払申請）で選択可能な書類種別を指定します。（複数指定する場合は、カンマ区切り）
出張伺い申請（仮払申請）の値が1（対象とする）の際に有効。
0：領収書
1：請求書
2：契約書
3：納品書
4：注文書
5：見積書"
"ebunsho_seisei_A006","通勤定期申請","0","e文書","217","1","1","(0|1)","通勤定期申請を、e文書対象とするかどうか。
0：対象としない
1：対象とする"
"ebunsho_shubetsu_A006","書類種別(通勤定期申請)","0","e文書","218","1","1","","通勤定期申請で選択可能な書類種別を指定します。（複数指定する場合は、カンマ区切り）
通勤定期申請の値が1（対象とする）の際に有効。
0：領収書
1：請求書
2：契約書
3：納品書
4：注文書
5：見積書"
"ebunsho_seisei_A009","自動引落伝票","0","e文書","219","1","1","(0|1)","自動引落伝票を、e文書対象とするかどうか。
0：対象としない
1：対象とする"
"ebunsho_shubetsu_A009","書類種別(自動引落伝票)","0","e文書","220","1","1","","自動引落伝票で選択可能な書類種別を指定します。（複数指定する場合は、カンマ区切り）
自動引落伝票の値が1（対象とする）の際に有効。
0：領収書
1：請求書
2：契約書
3：納品書
4：注文書
5：見積書"
"ebunsho_seisei_A010","交通費精算","0","e文書","221","1","1","(0|1)","交通費精算を、e文書対象とするかどうか。
0：対象としない
1：対象とする"
"ebunsho_shubetsu_A010","書類種別(交通費精算)","0","e文書","222","1","1","","交通費精算で選択可能な書類種別を指定します。（複数指定する場合は、カンマ区切り）
交通費精算の値が1（対象とする）の際に有効。
0：領収書
1：請求書
2：契約書
3：納品書
4：注文書
5：見積書"
"ebunsho_seisei_A011","海外出張旅費精算","0","e文書","223","1","1","(0|1)","海外出張旅費精算を、e文書対象とするかどうか。
0：対象としない
1：対象とする"
"ebunsho_shubetsu_A011","書類種別(海外出張旅費精算)","0","e文書","224","1","1","","海外出張旅費精算で選択可能な書類種別を指定します。（複数指定する場合は、カンマ区切り）
海外出張旅費精算の値が1（対象とする）の際に有効。
0：領収書
1：請求書
2：契約書
3：納品書
4：注文書
5：見積書"
"ebunsho_seisei_A012","海外出張伺い申請（仮払申請）","0","e文書","225","1","1","(0|1)","海外出張伺い申請（仮払申請）を、e文書対象とするかどうか。
0：対象としない
1：対象とする"
"ebunsho_shubetsu_A012","書類種別(海外出張伺い申請（仮払申請）)","0","e文書","226","1","1","","海外出張伺い申請（仮払申請）で選択可能な書類種別を指定します。（複数指定する場合は、カンマ区切り）
海外出張伺い申請（仮払申請）の値が1（対象とする）の際に有効。
0：領収書
1：請求書
2：契約書
3：納品書
4：注文書
5：見積書"
"ebunsho_seisei_A013","支払依頼申請","0","e文書","227","1","1","(0|1)","支払依頼申請を、e文書対象とするかどうか。
0：対象としない
1：対象とする"
"ebunsho_shubetsu_A013","書類種別(支払依頼申請)","0","e文書","228","1","1","","支払依頼申請で選択可能な書類種別を指定します。（複数指定する場合は、カンマ区切り）
支払依頼申請の値が1（対象とする）の際に有効。
0：領収書
1：請求書
2：契約書
3：納品書
4：注文書
5：見積書"
"ebunsho_seisei_Z001","振替伝票(拠点入力)","0","e文書","229","1","1","(0|1)","拠点入力の振替伝票を、e文書対象とするかどうか。
0：対象としない
1：対象とする"
"ebunsho_shubetsu_Z001","書類種別(振替伝票(拠点入力))","0","e文書","230","1","1","","拠点入力の振替伝票で選択可能な書類種別を指定します。（複数指定する場合は、カンマ区切り）
振替伝票(拠点入力)の値が1（対象とする）の際に有効。
0：領収書
1：請求書
2：契約書
3：納品書
4：注文書
5：見積書"
"ebunsho_seisei_Z002","現預金出納帳","0","e文書","231","1","1","(0|1)","現預金出納帳を、e文書対象とするかどうか。
0：対象としない
1：対象とする"
"ebunsho_shubetsu_Z002","書類種別(現預金出納帳)","0","e文書","232","1","1","","現預金出納帳で選択可能な書類種別を指定します。（複数指定する場合は、カンマ区切り）
現預金出納帳の値が1（対象とする）の際に有効。
0：領収書
1：請求書
2：契約書
3：納品書
4：注文書
5：見積書"
"ebunsho_seisei_B000","ユーザー定義届出","0","e文書","233","1","1","(0|1)","ユーザー定義届出を、e文書対象とするかどうか。
0：対象としない
1：対象とする"
"ebunsho_shubetsu_B000","書類種別(ユーザー定義届出)","0","e文書","234","1","1","","ユーザー定義届出で選択可能な書類種別を指定します。（複数指定する場合は、カンマ区切り）
ユーザー定義届出の値が1（対象とする）の際に有効。
0：領収書
1：請求書
2：契約書
3：納品書
4：注文書
5：見積書"
"ebunsho_compress_flg","e文書変換時に画像を圧縮する","0","e文書","235","1","1","(0|1)","e文書変換時に画像を圧縮する。
0：しない
1：する"
"tenpu_check_A001","経費立替精算　添付ファイルチェック","0","添付ファイル","236","1","1","(0|1)","領収書・請求書等がチェックオンの明細行がある場合、添付ファイルのチェックを行うかどうか。
0：チェックしない
1：チェックする"
"shouhyou_shorui_default_A001","経費立替精算　領収書・請求書等デフォルト値","0","添付ファイル","237","1","1","(0|1)","経費立替精算の領収書・請求書等のデフォルト設定。
0：なし
1：あり"
"tenpu_check_A004","出張旅費精算　添付ファイルチェック","0","添付ファイル","238","1","1","(0|1)","領収書・請求書等がチェックオンの明細行がある場合、添付ファイルのチェックを行うかどうか。
0：チェックしない
1：チェックする"
"shouhyou_shorui_default_A004","出張旅費精算　領収書・請求書等デフォルト値","0","添付ファイル","239","1","1","(0|1)","出張旅費精算の領収書・請求書等のデフォルト設定。
0：なし
1：あり"
"tenpu_check_A011","海外出張旅費精算　添付ファイルチェック","0","添付ファイル","240","1","1","(0|1)","領収書・請求書等がチェックオンの明細行がある場合、添付ファイルのチェックを行うかどうか。
0：チェックしない
1：チェックする"
"shouhyou_shorui_default_A011","海外出張旅費精算　領収書・請求書等デフォルト値","0","添付ファイル","241","1","1","(0|1)","海外出張旅費精算の領収書・請求書等のデフォルト設定。
0：なし
1：あり"
"tenpu_check_A010","交通費精算　添付ファイルチェック","0","添付ファイル","242","1","1","(0|1)","領収書・請求書等がチェックオンの明細行がある場合、添付ファイルのチェックを行うかどうか。
0：チェックしない
1：チェックする"
"shouhyou_shorui_default_A010","交通費精算　領収書・請求書等デフォルト値","0","添付ファイル","243","1","1","(0|1)","交通費精算の領収書・請求書等のデフォルト設定。
0：なし
1：あり"
"tenpu_check_A003","請求書払い申請　添付ファイルチェック","0","添付ファイル","244","1","1","(0|1)","領収書・請求書等がありの場合、添付ファイルのチェックを行うかどうか。
0：チェックしない
1：チェックする"
"shouhyou_shorui_default_A003","請求書払い申請　領収書・請求書等デフォルト値","0","添付ファイル","245","1","1","(0|1)","請求書払い申請の領収書・請求書等のデフォルト設定。
0：なし
1：あり"
"tenpu_check_A013","支払依頼申請　添付ファイルチェック","0","添付ファイル","246","1","1","(0|1)","領収書・請求書等がありの場合、添付ファイルのチェックを行うかどうか。
0：チェックしない
1：チェックする"
"shouhyou_shorui_default_A013","支払依頼申請　領収書・請求書等デフォルト値","0","添付ファイル","247","1","1","(0|1)","支払依頼申請の領収書・請求書等のデフォルト設定。
0：なし
1：あり"
"tenpu_denpyou_jidou_flg","添付伝票に仮払案件を自動的に追加","0","添付伝票","248","1","1","(0|1)","仮払案件選択時、自動的に添付伝票にも選択するかどうか。
0：しない
1：する"
"sashihiki_name","差引項目名称","","出張","249","1","0","^.{0,10}$","国内向け出張旅費精算および伺い申請の日当・宿泊費等の小計から差引かれる金額単価の名称。（10文字以内）"
"sashihiki_tanka","差引単価","0","出張","250","1","1","(0|[1-9]\d{0,5})","国内向け出張旅費精算および伺い申請の日当・宿泊費等の小計から差引かれる金額単価。（0～999999）"
"sashihiki_name_kaigai","差引項目名称（海外）","","出張","251","1","0","^.{0,10}$","海外向け出張旅費精算および伺い申請の日当・宿泊費等の小計から差引かれる金額単価の名称。（10文字以内）"
"sashihiki_tanka_kaigai","差引単価（海外）邦貨","0","出張","252","1","1","(0|[1-9]\d{0,5})","海外向け出張旅費精算および伺い申請の日当・宿泊費等の小計から差引かれる金額単価(邦貨)。（0～999999）"
"sashihiki_tanka_kaigai_gaika_heishu","差引単価（海外）外貨","","出張","253","1","0","([a-zA-Z0-9]{1,4})","海外向け出張旅費精算および伺い申請の日当・宿泊費等の小計から差引かれる金額単価(外貨)の幣種コード。"
"sashihiki_tanka_kaigai_gaika","差引単価（海外）外貨","","出張","254","1","0","(0|[1-9]\d{0,5})(\.\d{0,2})?","海外向け出張旅費精算および伺い申請の日当・宿泊費等の小計から差引かれる金額単価(外貨)。（0.00～999999.99）"
"keihi_shinsei_kikan_check_nissuu","申請期間チェック日数","0","経費伺い（仮払）運用方法","255","1","1","(0|[1-9]\d{0,2})","申請期間チェック用の日数を指定します(1～999)。
0：使用しない"
"keihi_shinsei_kikan_check_mongon","申請期間チェック文言","申請が<DAY>日以内です！","経費伺い（仮払）運用方法","256","1","1","","申請期間チェック用の文言を指定します。
<DAY>：申請期間チェック日数で指定した日数"
"keihi_karibarai_sentaku_seigyo","仮払選択制御","2","経費伺い（仮払）運用方法","257","1","1","(0|1|2)","経費伺い申請(仮払申請)で仮払の表示を制御します。
0：「仮払なし」のみ選択可能
1：「仮払あり」のみ選択可能
2：「仮払あり・なし」両方とも選択可能"
"shinsei_kikan_check_nissuu","申請期間チェック日数","0","出張伺い（仮払）運用方法","258","1","1","(0|[1-9]\d{0,2})","申請期間チェック用の日数を指定します(1～999)。
0：使用しない"
"shinsei_kikan_check_mongon","申請期間チェック文言","申請が<DAY>日以内です！","出張伺い（仮払）運用方法","259","1","1","","申請期間チェック用の文言を指定します。
<DAY>：申請期間チェック日数で指定した日数"
"karibarai_sentaku_seigyo","仮払選択制御","2","出張伺い（仮払）運用方法","260","1","1","(0|1|2)","出張伺い申請(仮払申請)で仮払の表示を制御します。
0：「仮払なし」のみ選択可能
1：「仮払あり」のみ選択可能
2：「仮払あり・なし」両方とも選択可能"
"kaigai_shinsei_kikan_check_nissuu","申請期間チェック日数","0","海外出張伺い（仮払）運用方法","261","1","1","(0|[1-9]\d{0,2})","申請期間チェック用の日数を指定します(1～999)。
0：使用しない"
"kaigai_shinsei_kikan_check_mongon_gai_","申請期間チェック文言","申請が<DAY>日以内です！","海外出張伺い（仮払）運用方法","262","1","1","","申請期間チェック用の文言を指定します。
<DAY>：申請期間チェック日数で指定した日数"
"kaigai_karibarai_sentaku_seigyo_gai_","仮払選択制御","2","海外出張伺い（仮払）運用方法","263","1","1","(0|1|2)","海外出張伺い申請(仮払申請)で仮払の表示を制御します。
0：「仮払なし」のみ選択可能
1：「仮払あり」のみ選択可能
2：「仮払あり・なし」両方とも選択可能"
"yosan_comment_yosannai","予算チェック:判定コメント・予算内","◎","予算執行","264","1","1","^.{1,15}$","チェックダイアログの判定欄に表示されるコメント。(15文字)"
"yosan_comment_chouka","予算チェック:判定コメント・超過","▲：コメントが必要です。","予算執行","265","1","1","^.{1,15}$","チェックダイアログの判定欄に表示されるコメント。(15文字)"
"yosan_chouka_hantei","予算チェック:超過判定％","100","予算執行","266","1","1","(0|[1-9]\d{0,1}|100)","実績が予算の一定比率を超えたら超過と判定しコメントを強制する。
(コメントしないと申請できない)
0：超過判定なし
1～100：指定比率を超えたら超過を判定する"
"yosan_yosan_no","予算チェック:予算番号","1","予算執行","267","1","1","[1-4]","会計システムと連動する予算番号を指定します。"
"kian_comment_yosannai","起案チェック:判定コメント・予算内","◎","予算執行","268","1","1","^.{1,15}$","チェックダイアログの判定欄に表示されるコメント。(15文字)"
"kian_comment_chouka","起案チェック:判定コメント・超過","▲：コメントが必要です。","予算執行","269","1","1","^.{1,15}$","チェックダイアログの判定欄に表示されるコメント。(15文字)"
"kian_chouka_hantei","起案チェック:超過判定％","100","予算執行","270","1","1","(0|[1-9]|[1-9]\d|100)","実績が予算の一定比率を超えたら超過と判定しコメントを強制する。
(コメントしないと申請できない)
0：超過判定なし
1～100：指定比率を超えたら超過を判定する"
"kian_no_hanei_ryakugou","起案番号のHF転記先①略号","0","予算執行","271","1","1","(0|[1-9]|10)","起案番号(略号)を仕訳連動する際のヘッダーフィールド番号を指定する。
0：反映しない
1～10：ヘッダーフィールド１～１０に反映する"
"kian_no_hanei_bangou","起案番号のHF転記先②番号","0","予算執行","272","1","1","(0|[1-9]|10)","起案番号(番号)を仕訳連動する際のヘッダーフィールド番号を指定する。
0：反映しない
1～10：ヘッダーフィールド１～１０に反映する"
"yosan_security_pattern","セキュリティパターン","","予算執行","273","1","0","\d{1,4}","予算執行管理の対象となる科目と部門が設定されている会計システムのセキュリティパターン番号を登録します。"
"gougi_yosan_kakunin","合議部署の予算確認設定","0","予算執行","274","1","1","(0|1)","合議部署メンバーに予算・起案の詳細参照を許可するか。
0：しない
1：する"
"yosan_check_tani","予算チェック粒度","0","予算執行","275","1","0","(0|1)","予算および起案金額のチェック粒度
0：部門単位
1：部門、科目単位"
"yosan_check_kikan","予算チェック期間","0","予算執行","276","1","0","(0|1)","予算のチェック期間を指定する。
0：通年
1：期首～予算執行対象月まで"
"yosan_kian_comment","予算・起案チェックコメント表示制御","0","予算執行","277","1","1","(0|1)","予算・起案チェックコメントを帳票に表示させるかどうか指定する。
0：表示しない
1：表示する"
"manekin_name","控除項目　項目名称","","支払依頼申請","278","1","0","","控除項目の項目名。"
"manekin_cd","控除項目　勘定科目コード","","支払依頼申請","279","1","0","\d{1,6}","控除項目の仕訳を作成する際に必要な勘定科目コード。"
"manekin_edaban","控除項目　勘定科目枝番コード","","支払依頼申請","280","1","0","\d{1,12}","控除項目の仕訳を作成する際に必要な勘定科目枝番コード。"
"manekin_bumon","控除項目　負担部門コード","","支払依頼申請","281","1","0","\d{1,8}","控除項目の仕訳を作成する際に必要な負担部門コード。"
"ichigen_cd","一見先　取引先コード","","支払依頼申請","282","1","0","\d{1,12}","一見取引先を表す取引先コード。"
"ichigen_tesuuryou","一見先　振込手数料","","支払依頼申請","283","1","0","\d{1,4}(,)\d{1,4}(,)\d{1,4}(,)\d{1,4}","一見先取引先への振込手数料(税込)
以下を①,②,③,④形式で入力
①同行　3万円未満
②同行　3万円以上
③他行　3万円未満
④他行　3万円以上
例)324,540,648,864"
"ichigen_tesuuryou_kamoku_cd","一見先　振込手数料勘定科目コード","","支払依頼申請","284","1","0","\d{1,6}","一見先取引先への振込手数料仕訳を作成する際に必要な勘定科目コード"
"ichigen_tesuuryou_edaban_cd","一見先　振込手数料勘定科目枝番コード","","支払依頼申請","285","1","0","\d{1,12}","一見先取引先への振込手数料仕訳を作成する際に必要な勘定科目枝番コード"
"kashikatakamoku_cd_mibarai_futeiki","未払い不定期　貸方科目コード","","支払依頼申請","286","1","0","\d{1,6}","未払い不定期に振分ける貸方科目コード"
"kashikatakamoku_cd_mibarai_teiki","未払い定期　　貸方科目コード","","支払依頼申請","287","1","0","\d{1,6}","未払い定期に振分ける貸方科目コード"
"kashikatakamoku_cd_setsubi_mibarai","設備未払い　　貸方科目コード","","支払依頼申請","288","1","0","\d{1,6}","設備未払いに振分ける貸方科目コード"
"bumon_cd_ketasuu","部門コード桁数","8","その他","289","1","1","[4-8]","所属部門の部門コードの桁数。
登録や更新時にこの定義の桁数でのみ登録可能とする。
4～8を設定する。"
"record_num_per_page","１ページ表示件数","50","その他","290","1","1","[1-9]\d{0,2}","一覧画面の1ページ表示可能件数（1～999）。"
"file_num_for_download","ダウンロードファイル件数","300","その他","291","1","1","[1-9]\d{0,3}","ファイルの一括ダウンロード最大件数（1～9999）。"
"data_hozon_nissuu","データ保存日数","3000","その他","292","1","0","[1-9]\d{2,3}","データをどれだけ保存するかを決める基準日数（100～9999）。
削除しない場合はブランク。"
"kinyukikan_cd_yuucho","金融機関コード(郵貯)","9900","その他","293","0","0","\d{4}","郵貯銀行を表す金融機関コード。半角数字4桁。
基本的にはデフォルトのままでよい。"
"dbdump_url","DBバックアップファイルパス","C:\eteam\dbdump","その他","294","2","1","","DBダンプの格納先URL。
バックアップ運用時に使用する。"
"tenant_max_users_num","テナント最大ユーザー数","5","その他","295","2","1","[1-9]\d{0,5}","テナント内で作成可能なユーザー数の上限。
1～999999"
"hyouji_kaisha_num","法人名","","その他","296","1","0","^.{0,20}$","ヘッダに表示する法人名。
20文字以内で設定する。
空にした場合、法人名は表示されません。"
"torihiki_settei","取引コードの設定可否","0","その他","297","1","1","(0|1)","取引登録時に、取引コードを設定可能かどうか。
0：不可能
1：可能"
"user_info_henkou","ユーザー情報の変更可否","1","その他","298","1","1","(0|1)","一般ユーザーによる社員番号、ユーザー名の変更が可能かどうか。
0：不可能
1：可能"
"houka_kansan_hasuu","邦貨換算端数処理方法","0","その他","299","1","1","(0|1|2)","外貨から邦貨へ換算する際の端数処理。
オプション機能(外貨入力)を有効にしていない場合は影響しません。
0：切り捨て
1：切り上げ
2：四捨五入"
"futan_bumon_shukei_filter","負担部門選択時に集計部門による制限を行う","0","その他","300","1","1","(0|1)","負担部門選択ダイアログにおいて、
集計部門コードでの絞込機能を有効にするか。
有効にした場合、利用許可されている集計部門配下の負担部門しか
選択できなくなる。
0：無効
1：有効"
"tenpu_size_seigen","添付ファイル容量","0","その他","301","1","1","(0|[1-9]\d{0,2})","1つの申請書に添付できるファイル容量を指定します。
0：制限しない。
1～999：指定したサイズ(MB)に制限する。"
"keiri_maruhi_ref","経理処理ロールのマル秘参照制限","0","その他","302","1","1","(0|1)","支払依頼に起案追加されたマル秘起案について、
経理処理ロールにドリルダウンを許可するかどうか。
0：しない
1：する"
"maruhi_settei_shounin_seigen","申請・承認時のみマル秘設定可能とする","0","その他","303","1","1","(0|1)","マル秘文書設定の変更を現在承認者(申請前起票者)のみとするか。
0：しない
1：する"
"etsuran_seigen_gougi","合議部署の最終決裁後の閲覧制限設定","0","その他","304","1","1","(0|1)","合議部署の各担当者が最終決裁後に申請書を参照できるか。
0：できない
1：できる"
"etsuran_seigen_etsuransha","閲覧者の最終決裁後の閲覧制限設定","0","その他","305","1","1","(0|[1-9]\d{0,1})","閲覧者が最終決裁後に申請書を何ヶ月参照できるか。
1～99：最終承認後、閲覧可能な月数
0：制限しない"
"teiki_jouhou_yuukou_kigen","通勤定期申請で仕訳作成しない場合に保持する定期情報の有効期限","0","その他","306","1","1","(0|1)","設定項目：通勤定期申請で仕訳作成しない場合に保持する定期情報の有効期限。
0：申請内容の通り
1：申請内容に関わらず無期限"
"ringi_chouka_hantei","稟議金額の超過判定%","100","その他","307","1","1","[1-9]\d{2}","稟議金額に対する申請金額合計の割合の許容上限。
100～999"
"ringi_chouka_shounintou","稟議金額を超過した伝票の承認等可否","0","その他","308","1","1","(0|1)","稟議金額に対する申請金額合計の割合が、稟議金額の超過判定%を超えた場合に、伝票の登録・更新・申請・承認を許可するか。
0：許可しない
1：許可する"
"user_teigi_todoke_kensaku_kenmei","ユーザー定義届書伝票検索条件名称（件名）","ユーザー定義届書／件名","その他","309","1","1","^.{1,15}$","ユーザー定義届書について、伝票検索画面での件名指定用の項目名を設定する。15文字以内で設定する。"
"user_teigi_todoke_kensaku_naiyou","ユーザー定義届書伝票検索条件名称（内容）","ユーザー定義届書／内容","その他","310","1","1","^.{1,15}$","ユーザー定義届書について、伝票検索画面での内容指定用の項目名を設定する。15文字以内で設定する。"
"shozoku_bumon_data_kyoyu","所属部門＆配下部門のデータ共有する・しない","0","その他","311","1","1","(0|1)","「伝票検索」時に、ワークフロー部門で自分が所属している部門とその配下部門のデータは自分が承認ルート上に設定されていない場合も参照可能とするか。
0：しない
1：する"
"route_hantei_torihiki_sentaku_rule","複数明細がある場合のルート判断基準","2","その他","312","1","1","(1|2)","デフォルト承認ルートの設定を取引毎に行うとき、複数明細がある伝票において、どの明細の取引をルート判断基準として使用するか。
1：金額最大値の明細
2：先頭行の明細"
"kaigai_nittou_tanka_gaika_settei","海外用日当の単価設定","0","その他","313","1","1","(0|1)","海外用日当単価に外貨を使用する。
オプション機能（外貨入力）を有効にしていない場合は影響しません。
0：しない
1：する"
"op21mparam_kaisha_cd_kyoten","会社コード","0001","OPEN21 連携(拠点入力)","314","1","1","(?!0000)\d{4}","取り込み会社番号
0001～9999"
"shokuchi_cd_kyoten","諸口コード","","OPEN21 連携(拠点入力)","315","1","0","\d{1,6}","複合形式の際に使用する所謂「諸口」を表す勘定科目コード。
（6桁以内の半角数字）
OPEN21に同様の勘定科目コードが登録されていなければならない。"
"op21mparam_denpyou_keishiki_Z001","伝票形式(拠点入力：振替伝票)","1","OPEN21 連携(拠点入力)","316","1","1","(1|2)","仕訳をどの形式で作成するかを指定します。
1：複合（手入力諸口）
2：複合（自動諸口）"
"op21mparam_denpyou_keishiki_Z002","伝票形式(拠点入力：現預金出納帳)","0","OPEN21 連携(拠点入力)","317","1","1","(0)","仕訳をどの形式で作成するかを指定します。
0：単一形式"
"op21mparam_denpyou_nyuuryoku_pattern_Z001","伝票入力パターン(拠点入力：振替伝票)","0","OPEN21 連携(拠点入力)","318","1","1","\d{0,2}","OPEN21での登録済み伝票入力パターンを指定します。（0～99）
未登録の場合は0を指定します。"
"op21mparam_denpyou_nyuuryoku_pattern_Z002","伝票入力パターン(拠点入力：現預金出納帳)","0","OPEN21 連携(拠点入力)","319","1","1","\d{0,2}","OPEN21での登録済み伝票入力パターンを指定します。（0～99）
未登録の場合は0を指定します。"
"op21mparam_kidou_user_kyoten","起動ユーザー","0001","OPEN21 連携(拠点入力)","320","1","1","^(?!0000)\d{4,4}","0001～9999 のOPEN21ユーザーを指定します。
削除及び未登録ユーザー、使用できないユーザーを除きます。"
"shiwake_kbn_kyoten","仕訳区分","1","OPEN21 連携(拠点入力)","321","1","1","(1|2)","仕訳の転記先をどちらにするか。
1：日次用
2：部署入出力用"
"kakutei_umu_kyoten","確定有無","1","OPEN21 連携(拠点入力)","322","0","0","(1|2)","転記先が部署入出力の場合、確定済データとするかどうか。
1：確定済にする
2：未確定データにする"
"uf1_denpyou_id_hanei_kyoten","ユニバーサルフィールド伝票ID反映","0","OPEN21 連携(拠点入力)","323","1","1","(0|(UF([1-9]|[1]\d|20))|(HF([1-9]|10)))","ヘッダーフィールド・ユニバーサルフィールドに伝票IDを反映するかどうか。
マッピングするフィールドの使用フラグが1(マスター参照しない)でなければいけません。
0：反映しない
HF1～HF10：ヘッダーフィールド１～１０に反映する
UF1～UF20：ユニバーサルフィールド１～２０に反映する"
"shain_cd_renkei_kyoten","社員コード連携","0","OPEN21 連携(拠点入力)","324","1","1","(0|(UF([1-9]|[1]\d|20))|(HF([1-9]|10))|T)","社員コードを仕訳に連携するかどうか。
0：連携しない
HF1～HF10：ヘッダーフィールド１～１０に連携する
UF1～UF20：ユニバーサルフィールド１～２０に連携する
T：摘要コードに連携する"
"hf1_mapping_kyoten","ヘッダーフィールドマッピング①","0","OPEN21 連携(拠点入力)","325","1","1","([0-9]|10)","ワークフローのヘッダーフィールドとリンクさせる
財務側のヘッダーフィールド番号を指定します。（１つ目）
0：利用しない
1～10：財務側のヘッダーフィールド番号"
"hf2_mapping_kyoten","ヘッダーフィールドマッピング②","0","OPEN21 連携(拠点入力)","326","1","1","([0-9]|10)","ワークフローのヘッダーフィールドとリンクさせる
財務側のヘッダーフィールド番号を指定します。（２つ目）
0：利用しない
1～10：財務側のヘッダーフィールド番号"
"hf3_mapping_kyoten","ヘッダーフィールドマッピング③","0","OPEN21 連携(拠点入力)","327","1","1","([0-9]|10)","ワークフローのヘッダーフィールドとリンクさせる
財務側のヘッダーフィールド番号を指定します。（３つ目）
0：利用しない
1～10：財務側のヘッダーフィールド番号"
"hf4_mapping_kyoten","ヘッダーフィールドマッピング④","0","OPEN21 連携(拠点入力)","328","1","1","([0-9]|10)","ワークフローのヘッダーフィールドとリンクさせる
財務側のヘッダーフィールド番号を指定します。（４つ目）
0：利用しない
1～10：財務側のヘッダーフィールド番号"
"hf5_mapping_kyoten","ヘッダーフィールドマッピング⑤","0","OPEN21 連携(拠点入力)","329","1","1","([0-9]|10)","ワークフローのヘッダーフィールドとリンクさせる
財務側のヘッダーフィールド番号を指定します。（５つ目）
0：利用しない
1～10：財務側のヘッダーフィールド番号"
"hf6_mapping_kyoten","ヘッダーフィールドマッピング⑥","0","OPEN21 連携(拠点入力)","330","1","1","([0-9]|10)","ワークフローのヘッダーフィールドとリンクさせる
財務側のヘッダーフィールド番号を指定します。（６つ目）
0：利用しない
1～10：財務側のヘッダーフィールド番号"
"hf7_mapping_kyoten","ヘッダーフィールドマッピング⑦","0","OPEN21 連携(拠点入力)","331","1","1","([0-9]|10)","ワークフローのヘッダーフィールドとリンクさせる
財務側のヘッダーフィールド番号を指定します。（７つ目）
0：利用しない
1～10：財務側のヘッダーフィールド番号"
"hf8_mapping_kyoten","ヘッダーフィールドマッピング⑧","0","OPEN21 連携(拠点入力)","332","1","1","([0-9]|10)","ワークフローのヘッダーフィールドとリンクさせる
財務側のヘッダーフィールド番号を指定します。（８つ目）
0：利用しない
1～10：財務側のヘッダーフィールド番号"
"hf9_mapping_kyoten","ヘッダーフィールドマッピング⑨","0","OPEN21 連携(拠点入力)","333","1","1","([0-9]|10)","ワークフローのヘッダーフィールドとリンクさせる
財務側のヘッダーフィールド番号を指定します。（９つ目）
0：利用しない
1～10：財務側のヘッダーフィールド番号"
"hf10_mapping_kyoten","ヘッダーフィールドマッピング⑩","0","OPEN21 連携(拠点入力)","334","1","1","([0-9]|10)","ワークフローのヘッダーフィールドとリンクさせる
財務側のヘッダーフィールド番号を指定します。（１０こ目）
0：利用しない
1～10：財務側のヘッダーフィールド番号"
"uf1_mapping_kyoten","ユニバーサルフィールドマッピング①","0","OPEN21 連携(拠点入力)","335","1","1","(0|([1-9]|[1]\d|20))","ワークフローのユニバーサルフィールドとリンクさせる
財務側のユニバーサルフィールド番号を指定します。（１つ目）
0：利用しない
1～20：財務側のユニバーサルフィールド番号"
"uf2_mapping_kyoten","ユニバーサルフィールドマッピング②","0","OPEN21 連携(拠点入力)","336","1","1","(0|([1-9]|[1]\d|20))","ワークフローのユニバーサルフィールドとリンクさせる
財務側のユニバーサルフィールド番号を指定します。（２つ目）
0：利用しない
1～20：財務側のユニバーサルフィールド番号"
"uf3_mapping_kyoten","ユニバーサルフィールドマッピング③","0","OPEN21 連携(拠点入力)","337","1","1","(0|([1-9]|[1]\d|20))","ワークフローのユニバーサルフィールドとリンクさせる
財務側のユニバーサルフィールド番号を指定します。（３つ目）
0：利用しない
1～20：財務側のユニバーサルフィールド番号"
"uf4_mapping_kyoten","ユニバーサルフィールドマッピング④","0","OPEN21 連携(拠点入力)","338","1","1","(0|([1-9]|[1]\d|20))","ワークフローのユニバーサルフィールドとリンクさせる
財務側のユニバーサルフィールド番号を指定します。（４つ目）
0：利用しない
1～20：財務側のユニバーサルフィールド番号"
"uf5_mapping_kyoten","ユニバーサルフィールドマッピング⑤","0","OPEN21 連携(拠点入力)","339","1","1","(0|([1-9]|[1]\d|20))","ワークフローのユニバーサルフィールドとリンクさせる
財務側のユニバーサルフィールド番号を指定します。（５つ目）
0：利用しない
1～20：財務側のユニバーサルフィールド番号"
"uf6_mapping_kyoten","ユニバーサルフィールドマッピング⑥","0","OPEN21 連携(拠点入力)","340","1","1","(0|([1-9]|[1]\d|20))","ワークフローのユニバーサルフィールドとリンクさせる
財務側のユニバーサルフィールド番号を指定します。（６つ目）
0：利用しない
1～20：財務側のユニバーサルフィールド番号"
"uf7_mapping_kyoten","ユニバーサルフィールドマッピング⑦","0","OPEN21 連携(拠点入力)","341","1","1","(0|([1-9]|[1]\d|20))","ワークフローのユニバーサルフィールドとリンクさせる
財務側のユニバーサルフィールド番号を指定します。（７つ目）
0：利用しない
1～20：財務側のユニバーサルフィールド番号"
"uf8_mapping_kyoten","ユニバーサルフィールドマッピング⑧","0","OPEN21 連携(拠点入力)","342","1","1","(0|([1-9]|[1]\d|20))","ワークフローのユニバーサルフィールドとリンクさせる
財務側のユニバーサルフィールド番号を指定します。（８つ目）
0：利用しない
1～20：財務側のユニバーサルフィールド番号"
"uf9_mapping_kyoten","ユニバーサルフィールドマッピング⑨","0","OPEN21 連携(拠点入力)","343","1","1","(0|([1-9]|[1]\d|20))","ワークフローのユニバーサルフィールドとリンクさせる
財務側のユニバーサルフィールド番号を指定します。（９つ目）
0：利用しない
1～20：財務側のユニバーサルフィールド番号"
"uf10_mapping_kyoten","ユニバーサルフィールドマッピング⑩","0","OPEN21 連携(拠点入力)","344","1","1","(0|([1-9]|[1]\d|20))","ワークフローのユニバーサルフィールドとリンクさせる
財務側のユニバーサルフィールド番号を指定します。（１０こ目）
0：利用しない
1～20：財務側のユニバーサルフィールド番号"
"uf_kotei1_mapping_kyoten","ユニバーサルフィールドマッピング(固定値)①","0","OPEN21 連携(拠点入力)","345","1","1","(0|([1-9]|[1]\d|20))","ワークフローのユニバーサルフィールドとリンクさせる
財務側のユニバーサルフィールド番号（固定）を指定します。（１つ目）
0：利用しない
1～20：財務側のユニバーサルフィールド番号"
"uf_kotei2_mapping_kyoten","ユニバーサルフィールドマッピング(固定値)②","0","OPEN21 連携(拠点入力)","346","1","1","(0|([1-9]|[1]\d|20))","ワークフローのユニバーサルフィールドとリンクさせる
財務側のユニバーサルフィールド番号（固定）を指定します。（２つ目）
0：利用しない
1～20：財務側のユニバーサルフィールド番号"
"uf_kotei3_mapping_kyoten","ユニバーサルフィールドマッピング(固定値)③","0","OPEN21 連携(拠点入力)","347","1","1","(0|([1-9]|[1]\d|20))","ワークフローのユニバーサルフィールドとリンクさせる
財務側のユニバーサルフィールド番号（固定）を指定します。（３つ目）
0：利用しない
1～20：財務側のユニバーサルフィールド番号"
"uf_kotei4_mapping_kyoten","ユニバーサルフィールドマッピング(固定値)④","0","OPEN21 連携(拠点入力)","348","1","1","(0|([1-9]|[1]\d|20))","ワークフローのユニバーサルフィールドとリンクさせる
財務側のユニバーサルフィールド番号（固定）を指定します。（４つ目）
0：利用しない
1～20：財務側のユニバーサルフィールド番号"
"uf_kotei5_mapping_kyoten","ユニバーサルフィールドマッピング(固定値)⑤","0","OPEN21 連携(拠点入力)","349","1","1","(0|([1-9]|[1]\d|20))","ワークフローのユニバーサルフィールドとリンクさせる
財務側のユニバーサルフィールド番号（固定）を指定します。（５つ目）
0：利用しない
1～20：財務側のユニバーサルフィールド番号"
"uf_kotei6_mapping_kyoten","ユニバーサルフィールドマッピング(固定値)⑥","0","OPEN21 連携(拠点入力)","350","1","1","(0|([1-9]|[1]\d|20))","ワークフローのユニバーサルフィールドとリンクさせる
財務側のユニバーサルフィールド番号（固定）を指定します。（６つ目）
0：利用しない
1～20：財務側のユニバーサルフィールド番号"
"uf_kotei7_mapping_kyoten","ユニバーサルフィールドマッピング(固定値)⑦","0","OPEN21 連携(拠点入力)","351","1","1","(0|([1-9]|[1]\d|20))","ワークフローのユニバーサルフィールドとリンクさせる
財務側のユニバーサルフィールド番号（固定）を指定します。（７つ目）
0：利用しない
1～20：財務側のユニバーサルフィールド番号"
"uf_kotei8_mapping_kyoten","ユニバーサルフィールドマッピング(固定値)⑧","0","OPEN21 連携(拠点入力)","352","1","1","(0|([1-9]|[1]\d|20))","ワークフローのユニバーサルフィールドとリンクさせる
財務側のユニバーサルフィールド番号（固定）を指定します。（８つ目）
0：利用しない
1～20：財務側のユニバーサルフィールド番号"
"uf_kotei9_mapping_kyoten","ユニバーサルフィールドマッピング(固定値)⑨","0","OPEN21 連携(拠点入力)","353","1","1","(0|([1-9]|[1]\d|20))","ワークフローのユニバーサルフィールドとリンクさせる
財務側のユニバーサルフィールド番号（固定）を指定します。（９つ目）
0：利用しない
1～20：財務側のユニバーサルフィールド番号"
"uf_kotei10_mapping_kyoten","ユニバーサルフィールドマッピング(固定値)⑩","0","OPEN21 連携(拠点入力)","354","1","1","(0|([1-9]|[1]\d|20))","ワークフローのユニバーサルフィールドとリンクさせる
財務側のユニバーサルフィールド番号（固定）を指定します。（１０こ目）
0：利用しない
1～20：財務側のユニバーサルフィールド番号"
"tenpu_file_renkei_kyoten","添付ファイル連携","0","OPEN21 連携(拠点入力)","355","1","1","(0|1)","ワークフローの添付ファイルを財務連携するかどうか。
※許容された拡張子以外の添付ファイルは無視します。
0：連携しない
1：連携する"
"shiwake_sakusei_error_action_kyoten","仕訳作成エラー発生時の進め方","1","OPEN21 連携(拠点入力)","356","1","1","(1|2)","仕訳作成処理でエラーが発生した時の進め方を指定します。
1：エラーが発生した伝票種別の仕訳は全て転記しない
2：正常な仕訳は転記する"
"shiwake_sakusei_sakihiduke_kyoten","先日付の仕訳連携","0","OPEN21 連携(拠点入力)","357","1","1","(0|1)","仕訳作成処理で先日付の仕訳連携を許容するかどうかを指定します。
0：許容しない
1：許容する"
